__run_id,__done,sampling,llm,code,Time,TOTAL_DRAM_ENERGY (J),TOTAL_PACKAGE_ENERGY (J),TOTAL_PP0_ENERGY (J),TOTAL_PP1_ENERGY (J),TOTAL_MEMORY,TOTAL_SWAP,AVG_USED_MEMORY,AVG_USED_SWAP,TOTAL_ENERGY (J)
run_0_repetition_0,DONE,200,chatgpt_temp_0.0,4,182.091,0,10503420.351,4930564.788,0,67221331968.0,8589930496.0,1739486958.035,0.0,8876.826
run_1_repetition_0,DONE,200,chatgpt_temp_0.0,61,104.251,0,9857930.784,5989728.786,0,67221331968.0,8589930496.0,1717594249.055,0.0,5078.503
run_2_repetition_0,DONE,200,chatgpt_temp_0.0,79,211.301,0,27804582.345,18519984.415,0,67221331968.0,8589930496.0,1717640728.197,0.0,9086.66
run_3_repetition_0,DONE,200,chatgpt_temp_0.0,63,132.658,0,22915634.241,16102752.759,0,67221331968.0,8589930496.0,1715088397.859,0.0,6554.365
run_4_repetition_0,DONE,200,chatgpt_temp_0.0,90,135.459,0,28126210.104,20340123.681,0,67221331968.0,8589930496.0,1715033113.638,0.0,6683.916
run_5_repetition_0,DONE,200,chatgpt_temp_0.0,53,186.09,0,46298437.757,34307349.644,0,67221331968.0,8589930496.0,1713356259.433,0.0,9095.146
run_6_repetition_0,DONE,200,chatgpt_temp_0.0,66,183.088,0,54263223.907,41035836.143,0,67221331968.0,8589930496.0,1740956469.88,0.0,9198.644
run_7_repetition_0,DONE,200,chatgpt_temp_0.0,52,182.888,0,63016778.764,48385245.92,0,67221331968.0,8589930496.0,1745022926.812,0.0,9343.496
run_8_repetition_0,DONE,200,chatgpt_temp_0.0,16,173.489,0,67697091.583,52503513.878,0,67221331968.0,8589930496.0,1809603886.84,0.0,8159.428
run_9_repetition_0,DONE,200,gpt-4_temp_0.0,4,183.488,0,79789117.469,62323757.482,0,67221331968.0,8589930496.0,1727781396.614,0.0,8964.48
run_10_repetition_0,DONE,200,gpt-4_temp_0.0,61,96.449,0,45505899.038,35695868.111,0,67221331968.0,8589930496.0,1729573168.661,0.0,4730.419
run_11_repetition_0,DONE,200,gpt-4_temp_0.0,79,178.294,0,90244735.907,71033371.917,0,67221331968.0,8589930496.0,1727517204.067,0.0,8641.909
run_12_repetition_0,DONE,200,gpt-4_temp_0.0,63,129.665,0,70832471.492,55971357.045,0,67221331968.0,8589930496.0,1737274516.086,0.0,6501.761
run_13_repetition_0,DONE,200,gpt-4_temp_0.0,90,162.88,0,94799086.091,75081659.986,0,67221331968.0,8589930496.0,1733921922.51,0.0,7202.291
run_14_repetition_0,DONE,200,gpt-4_temp_0.0,53,178.891,0,111551576.957,88588305.148,0,67221331968.0,8589930496.0,1734974829.714,0.0,8740.169
run_15_repetition_0,DONE,200,gpt-4_temp_0.0,66,214.501,0,143846182.183,114566162.167,0,67221331968.0,8589930496.0,1734639001.981,0.0,9438.356
run_16_repetition_0,DONE,200,gpt-4_temp_0.0,52,187.486,0,135003378.604,107836931.222,0,67221331968.0,8589930496.0,1725574801.585,0.0,9542.887
run_17_repetition_0,DONE,200,gpt-4_temp_0.0,16,172.688,0,132333303.436,105986800.479,0,67221331968.0,8589930496.0,1804927421.114,0.0,8170.544
run_0_repetition_1,DONE,200,chatgpt_temp_0.0,4,183.683,0,148950128.64,119536221.826,0,67221331968.0,8589930496.0,1743015700.035,0.0,8950.637
run_1_repetition_1,DONE,200,chatgpt_temp_0.0,61,104.454,0,88704928.938,71275341.026,0,67221331968.0,8589930496.0,1741051255.206,0.0,5119.522
run_2_repetition_1,DONE,200,chatgpt_temp_0.0,79,174.682,0,154371589.745,124168706.734,0,67221331968.0,8589930496.0,1742538038.126,0.0,8468.433
run_3_repetition_1,DONE,200,chatgpt_temp_0.0,63,160.48,0,148360856.148,119446625.94,0,67221331968.0,8589930496.0,1737219077.095,0.0,7046.047
run_4_repetition_1,DONE,200,chatgpt_temp_0.0,90,134.468,0,129215226.144,104095543.832,0,67221331968.0,8589930496.0,1741565247.05,0.0,6646.999
run_5_repetition_1,DONE,200,chatgpt_temp_0.0,53,180.09,0,180195611.623,145338941.875,0,67221331968.0,8589930496.0,1739655422.297,0.0,8767.808
run_6_repetition_1,DONE,200,chatgpt_temp_0.0,66,183.291,0,192000602.051,155108707.949,0,67221331968.0,8589930496.0,1743132823.704,0.0,9288.513
run_7_repetition_1,DONE,200,chatgpt_temp_0.0,52,184.89,0,202681696.696,164026264.938,0,67221331968.0,8589930496.0,1751286626.972,0.0,9441.245
run_8_repetition_1,DONE,200,chatgpt_temp_0.0,16,173.494,0,198173321.477,160572278.143,0,67221331968.0,8589930496.0,1833914330.292,0.0,8179.422
run_9_repetition_1,DONE,200,gpt-4_temp_0.0,4,180.491,0,214160495.816,173677277.396,0,67221331968.0,8589930496.0,1742735292.035,0.0,8834.639
run_10_repetition_1,DONE,200,gpt-4_temp_0.0,61,94.648,0,115894937.192,94034050.487,0,67221331968.0,8589930496.0,1737238032.168,0.0,4639.164
run_11_repetition_1,DONE,200,gpt-4_temp_0.0,79,195.892,0,246318713.413,199899199.501,0,67221331968.0,8589930496.0,1730394410.536,0.0,9096.301
run_12_repetition_1,TODO,200,gpt-4_temp_0.0,63, , , , , , , , , , 
run_13_repetition_1,DONE,200,gpt-4_temp_0.0,90,134.668,0,2848148.307,146072853.734,0,67221331968.0,8589930496.0,1740438265.553,0.0,6693.016
run_14_repetition_1,DONE,200,gpt-4_temp_0.0,53,219.303,0,13936731.28,245255882.601,0,67221331968.0,8589930496.0,1728142983.228,0.0,9524.933
run_15_repetition_1,DONE,200,gpt-4_temp_0.0,66,177.488,0,19801835.761,205622109.977,0,67221331968.0,8589930496.0,1736759501.03,0.0,8940.106
run_16_repetition_1,DONE,200,gpt-4_temp_0.0,52,184.687,0,29460944.095,221389026.973,0,67221331968.0,8589930496.0,1745620783.879,0.0,9489.247
run_17_repetition_1,DONE,200,gpt-4_temp_0.0,16,207.903,0,43107107.606,257402543.556,0,67221331968.0,8589930496.0,1814263121.399,0.0,8918.058
run_0_repetition_2,DONE,200,chatgpt_temp_0.0,4,186.69,0,47488329.154,238422734.219,0,67221331968.0,8589930496.0,1737293745.147,0.0,9122.099
run_1_repetition_2,DONE,200,chatgpt_temp_0.0,61,105.65,0,30889180.243,98583637.886,0,67221331968.0,8589930496.0,1732838983.487,0.0,5164.64
run_2_repetition_2,DONE,200,chatgpt_temp_0.0,79,176.288,0,57812625.917,4383895.678,0,67221331968.0,8589930496.0,1731552493.735,0.0,8518.141
run_3_repetition_2,DONE,200,chatgpt_temp_0.0,63,133.068,0,48936881.219,7670431.641,0,67221331968.0,8589930496.0,1736110675.67,0.0,6579.814
run_4_repetition_2,DONE,200,chatgpt_temp_0.0,90,162.677,0,65664021.558,14172045.788,0,67221331968.0,8589930496.0,1732838541.978,0.0,7125.895
run_5_repetition_2,DONE,200,chatgpt_temp_0.0,53,214.706,0,95822407.606,26207247.802,0,67221331968.0,8589930496.0,1737749501.142,0.0,9307.705
run_6_repetition_2,DONE,200,chatgpt_temp_0.0,66,183.889,0,91048531.147,29882096.553,0,67221331968.0,8589930496.0,1734644214.549,0.0,9430.948
run_7_repetition_2,DONE,200,chatgpt_temp_0.0,52,182.69,0,99366217.602,37178837.061,0,67221331968.0,8589930496.0,1745313671.134,0.0,9342.737
run_8_repetition_2,DONE,200,chatgpt_temp_0.0,16,204.103,0,120956807.609,49848905.228,0,67221331968.0,8589930496.0,1836764510.685,0.0,9489.892
run_9_repetition_2,DONE,200,gpt-4_temp_0.0,4,217.71,0,139745198.037,62016877.315,0,67221331968.0,8589930496.0,1750886035.494,0.0,9497.335
run_10_repetition_2,DONE,200,gpt-4_temp_0.0,61,119.663,0,81544799.108,37888499.512,0,67221331968.0,8589930496.0,1746183004.16,0.0,5196.294
run_11_repetition_2,DONE,200,gpt-4_temp_0.0,79,178.49,0,127991611.353,61765387.222,0,67221331968.0,8589930496.0,1753135484.277,0.0,8641.862
run_12_repetition_2,DONE,200,gpt-4_temp_0.0,63,129.662,0,98191831.184,49158243.252,0,67221331968.0,8589930496.0,1751794527.311,0.0,6457.415
run_13_repetition_2,DONE,200,gpt-4_temp_0.0,90,162.68,0,128954846.489,66411663.542,0,67221331968.0,8589930496.0,1751599086.41,0.0,7168.255
run_14_repetition_2,DONE,200,gpt-4_temp_0.0,53,211.902,0,176933056.018,93844213.762,0,67221331968.0,8589930496.0,1747178923.551,0.0,9182.297
run_15_repetition_2,DONE,200,gpt-4_temp_0.0,66,177.49,0,156596468.642,85538691.442,0,67221331968.0,8589930496.0,1743707192.441,0.0,8930.443
run_16_repetition_2,DONE,200,gpt-4_temp_0.0,52,184.893,0,171962137.857,96524216.025,0,67221331968.0,8589930496.0,1736434438.082,0.0,9467.439
run_17_repetition_2,DONE,200,gpt-4_temp_0.0,16,172.685,0,168597968.162,96811906.933,0,67221331968.0,8589930496.0,1816408073.471,0.0,8235.708
run_0_repetition_3,DONE,200,chatgpt_temp_0.0,4,186.089,0,190049224.319,111281095.332,0,67221331968.0,8589930496.0,1734251062.936,0.0,9057.178
run_1_repetition_3,DONE,200,chatgpt_temp_0.0,61,106.255,0,112672729.055,66933736.218,0,67221331968.0,8589930496.0,1736487688.165,0.0,5204.012
run_2_repetition_3,DONE,200,chatgpt_temp_0.0,79,175.083,0,191692815.287,115326017.376,0,67221331968.0,8589930496.0,1739190286.011,0.0,8486.228
run_3_repetition_3,DONE,200,chatgpt_temp_0.0,63,167.081,0,189854707.833,115747553.686,0,67221331968.0,8589930496.0,1737016206.222,0.0,7312.692
run_4_repetition_3,DONE,200,chatgpt_temp_0.0,90,136.466,0,160181351.772,98706067.664,0,67221331968.0,8589930496.0,1741422586.012,0.0,6714.75
run_5_repetition_3,DONE,200,chatgpt_temp_0.0,53,185.891,0,225695961.584,140715906.445,0,67221331968.0,8589930496.0,1737306248.387,0.0,9043.533
run_6_repetition_3,DONE,200,chatgpt_temp_0.0,66,183.286,0,231247081.63,146022418.456,0,67221331968.0,8589930496.0,1742746068.497,0.0,9241.705
run_7_repetition_3,TODO,200,chatgpt_temp_0.0,52, , , , , , , , , , 
run_8_repetition_3,DONE,200,chatgpt_temp_0.0,16,173.479,0,8120748.661,152358002.793,0,67221331968.0,8589930496.0,1827237506.209,0.0,8200.0
run_9_repetition_3,DONE,200,gpt-4_temp_0.0,4,181.493,0,16608490.47,166106015.335,0,67221331968.0,8589930496.0,1756655079.78,0.0,8934.391
run_10_repetition_3,DONE,200,gpt-4_temp_0.0,61,97.649,0,12484683.454,92454715.318,0,67221331968.0,8589930496.0,1756423665.371,0.0,4767.063
run_11_repetition_3,DONE,200,gpt-4_temp_0.0,79,185.094,0,30317378.504,180432403.774,0,67221331968.0,8589930496.0,1755651892.746,0.0,8984.454
run_12_repetition_3,DONE,200,gpt-4_temp_0.0,63,157.877,0,32449825.499,159378729.696,0,67221331968.0,8589930496.0,1755353289.952,0.0,6948.233
run_13_repetition_3,DONE,200,gpt-4_temp_0.0,90,135.869,0,32832895.793,141218914.462,0,67221331968.0,8589930496.0,1755232385.316,0.0,6731.155
run_14_repetition_3,DONE,200,gpt-4_temp_0.0,53,184.292,0,52068162.307,197682241.761,0,67221331968.0,8589930496.0,1746345753.239,0.0,8966.633
run_15_repetition_3,DONE,200,gpt-4_temp_0.0,66,218.309,0,72221946.835,242837111.384,0,67221331968.0,8589930496.0,1751704698.73,0.0,9676.606
run_16_repetition_3,DONE,200,gpt-4_temp_0.0,52,186.093,0,70847931.334,214773108.946,0,67221331968.0,8589930496.0,1753833757.665,0.0,9503.392
run_17_repetition_3,DONE,200,gpt-4_temp_0.0,16,207.305,0,88812597.46,247406071.479,0,67221331968.0,8589930496.0,1838344132.809,0.0,8877.02
run_0_repetition_4,DONE,200,chatgpt_temp_0.0,4,181.886,0,86356988.939,224063191.791,0,67221331968.0,8589930496.0,1746196172.013,0.0,8877.485
run_1_repetition_4,DONE,200,chatgpt_temp_0.0,61,105.253,0,53939571.645,133072885.937,0,67221331968.0,8589930496.0,1752907597.576,0.0,5148.902
run_2_repetition_4,DONE,200,chatgpt_temp_0.0,79,174.687,0,95634828.129,225671090.813,0,67221331968.0,8589930496.0,1755785976.686,0.0,8442.201
run_3_repetition_4,DONE,200,chatgpt_temp_0.0,63,132.465,0,77797550.466,19336163.488,0,67221331968.0,8589930496.0,1755692328.096,0.0,6580.744
run_4_repetition_4,DONE,200,chatgpt_temp_0.0,90,161.478,0,100622447.053,6621557.357,0,67221331968.0,8589930496.0,1763452748.262,0.0,7159.687
run_5_repetition_4,DONE,200,chatgpt_temp_0.0,53,186.288,0,123953891.919,14158615.492,0,67221331968.0,8589930496.0,1755359638.088,0.0,9081.506
run_6_repetition_4,DONE,200,chatgpt_temp_0.0,66,183.087,0,130545988.913,21208217.451,0,67221331968.0,8589930496.0,1754870657.815,0.0,9249.09
run_7_repetition_4,DONE,200,chatgpt_temp_0.0,52,182.487,0,138949404.849,28556849.147,0,67221331968.0,8589930496.0,1757687799.037,0.0,9360.732
run_8_repetition_4,DONE,200,chatgpt_temp_0.0,16,173.28,0,139887625.362,33737993.531,0,67221331968.0,8589930496.0,1834390310.931,0.0,8246.353
run_9_repetition_4,DONE,200,gpt-4_temp_0.0,4,223.51,0,190819593.152,52128286.88,0,67221331968.0,8589930496.0,1763626777.394,0.0,9757.798
run_10_repetition_4,DONE,200,gpt-4_temp_0.0,61,96.648,0,86391949.677,25603677.493,0,67221331968.0,8589930496.0,1758738039.291,0.0,4733.213
run_11_repetition_4,DONE,200,gpt-4_temp_0.0,79,223.512,0,207786288.483,65973929.918,0,67221331968.0,8589930496.0,1756451826.273,0.0,9678.129
run_12_repetition_4,DONE,200,gpt-4_temp_0.0,63,129.866,0,126378353.164,42895856.994,0,67221331968.0,8589930496.0,1761374119.914,0.0,6511.937
run_13_repetition_4,DONE,200,gpt-4_temp_0.0,90,135.067,0,136138464.47,48497837.07,0,67221331968.0,8589930496.0,1766762281.217,0.0,6693.403
run_14_repetition_4,DONE,200,gpt-4_temp_0.0,53,174.285,0,182489207.779,68289845.863,0,67221331968.0,8589930496.0,1759813908.82,0.0,8505.546
run_15_repetition_4,DONE,200,gpt-4_temp_0.0,66,177.488,0,193889460.399,76266280.819,0,67221331968.0,8589930496.0,1754105793.8,0.0,8953.093
run_16_repetition_4,DONE,200,gpt-4_temp_0.0,52,181.898,0,207333746.016,85409413.513,0,67221331968.0,8589930496.0,1759453224.465,0.0,9293.579
run_17_repetition_4,DONE,200,gpt-4_temp_0.0,16,172.484,0,204490266.999,87549568.037,0,67221331968.0,8589930496.0,1846223488.0,0.0,8175.24
run_0_repetition_5,DONE,200,chatgpt_temp_0.0,4,183.088,0,225214820.331,99711760.987,0,67221331968.0,8589930496.0,1761366699.411,0.0,8954.717
run_1_repetition_5,DONE,200,chatgpt_temp_0.0,61,107.252,0,136144907.435,61816810.934,0,67221331968.0,8589930496.0,1754815392.833,0.0,5259.593
run_2_repetition_5,TODO,200,chatgpt_temp_0.0,79, , , , , , , , , , 
run_3_repetition_5,DONE,200,chatgpt_temp_0.0,63,132.267,0,3930202.271,84400238.846,0,67221331968.0,8589930496.0,1756153556.368,0.0,6542.346
run_4_repetition_5,DONE,200,chatgpt_temp_0.0,90,134.267,0,8695325.838,89557609.635,0,67221331968.0,8589930496.0,1753709910.348,0.0,6741.952
run_5_repetition_5,DONE,200,chatgpt_temp_0.0,53,223.909,0,24139146.425,157121421.279,0,67221331968.0,8589930496.0,1749929943.807,0.0,9760.767
run_6_repetition_5,DONE,200,chatgpt_temp_0.0,66,183.5,0,28892664.895,136361518.538,0,67221331968.0,8589930496.0,1744312036.979,0.0,9350.268
run_7_repetition_5,DONE,200,chatgpt_temp_0.0,52,182.09,0,37516474.136,142753735.261,0,67221331968.0,8589930496.0,1751294953.544,0.0,9330.114
run_8_repetition_5,DONE,200,chatgpt_temp_0.0,16,204.503,0,52140005.714,168641017.371,0,67221331968.0,8589930496.0,1824850640.0,0.0,9502.784
run_9_repetition_5,DONE,200,gpt-4_temp_0.0,4,182.686,0,55372223.636,157992570.992,0,67221331968.0,8589930496.0,1755169918.461,0.0,9001.601
run_10_repetition_5,DONE,200,gpt-4_temp_0.0,61,115.856,0,39442416.588,103834057.448,0,67221331968.0,8589930496.0,1755787447.298,0.0,5033.836
run_11_repetition_5,DONE,200,gpt-4_temp_0.0,79,178.088,0,66965995.369,164656876.191,0,67221331968.0,8589930496.0,1754035333.166,0.0,8626.653
run_12_repetition_5,DONE,200,gpt-4_temp_0.0,63,129.465,0,53844813.502,124047994.516,0,67221331968.0,8589930496.0,1761215808.296,0.0,6478.54
run_13_repetition_5,DONE,200,gpt-4_temp_0.0,90,163.078,0,73652357.137,160965627.49,0,67221331968.0,8589930496.0,1756179442.213,0.0,7175.881
run_14_repetition_5,DONE,200,gpt-4_temp_0.0,53,174.689,0,86054967.24,178297247.72,0,67221331968.0,8589930496.0,1754375117.678,0.0,8517.822
run_15_repetition_5,DONE,200,gpt-4_temp_0.0,66,177.489,0,95538144.491,187918294.77,0,67221331968.0,8589930496.0,1755467365.939,0.0,9033.52
run_16_repetition_5,DONE,200,gpt-4_temp_0.0,52,182.685,0,107075814.992,200757704.698,0,67221331968.0,8589930496.0,1751806618.999,0.0,9356.014
run_17_repetition_5,DONE,200,gpt-4_temp_0.0,16,199.502,0,126619015.088,227296465.465,0,67221331968.0,8589930496.0,1828118236.893,0.0,9373.831
run_0_repetition_6,DONE,200,chatgpt_temp_0.0,4,181.487,0,123850948.539,214003625.03,0,67221331968.0,8589930496.0,1750959192.994,0.0,8939.695
run_1_repetition_6,DONE,200,chatgpt_temp_0.0,61,103.852,0,74830934.735,125835945.243,0,67221331968.0,8589930496.0,1745553938.672,0.0,5089.862
run_2_repetition_6,DONE,200,chatgpt_temp_0.0,79,174.488,0,131772862.843,216236428.831,0,67221331968.0,8589930496.0,1747221581.327,0.0,8478.088
run_3_repetition_6,DONE,200,chatgpt_temp_0.0,63,131.667,0,104700025.838,167588680.556,0,67221331968.0,8589930496.0,1751610243.879,0.0,6546.376
run_4_repetition_6,DONE,200,chatgpt_temp_0.0,90,134.063,0,111288375.07,160870346.911,0,67221331968.0,8589930496.0,1746980132.571,0.0,6679.869
run_5_repetition_6,DONE,200,chatgpt_temp_0.0,53,190.692,0,166146061.413,4278745.058,0,67221331968.0,8589930496.0,1743593480.578,0.0,9318.805
run_6_repetition_6,DONE,200,chatgpt_temp_0.0,66,184.09,0,169390740.671,11661492.267,0,67221331968.0,8589930496.0,1742638006.698,0.0,9468.607
run_7_repetition_6,DONE,200,chatgpt_temp_0.0,52,184.089,0,178434644.115,19271142.698,0,67221331968.0,8589930496.0,1747916875.523,0.0,9434.715
run_8_repetition_6,DONE,200,chatgpt_temp_0.0,16,173.685,0,176361127.386,24849738.166,0,67221331968.0,8589930496.0,1822123928.423,0.0,8209.885
run_9_repetition_6,DONE,200,gpt-4_temp_0.0,4,221.712,0,235321425.979,40193883.694,0,67221331968.0,8589930496.0,1748303838.789,0.0,9680.012
run_10_repetition_6,DONE,200,gpt-4_temp_0.0,61,115.659,0,127434017.637,24633800.028,0,67221331968.0,8589930496.0,1756981947.145,0.0,5046.524
run_11_repetition_6,DONE,200,gpt-4_temp_0.0,79,183.087,0,208194162.438,44450765.908,0,67221331968.0,8589930496.0,1744675838.883,0.0,8915.064
run_12_repetition_6,DONE,200,gpt-4_temp_0.0,63,130.265,0,153522677.075,36021806.734,0,67221331968.0,8589930496.0,1745360729.776,0.0,6512.392
run_13_repetition_6,DONE,200,gpt-4_temp_0.0,90,135.467,0,164368232.868,41362339.077,0,67221331968.0,8589930496.0,1747296334.421,0.0,6714.181
run_14_repetition_6,DONE,200,gpt-4_temp_0.0,53,171.082,0,214208325.95,57796659.523,0,67221331968.0,8589930496.0,1748218917.041,0.0,8326.012
run_15_repetition_6,TODO,200,gpt-4_temp_0.0,66, , , , , , , , , , 
run_16_repetition_6,DONE,200,gpt-4_temp_0.0,52,184.487,0,5917146.169,76703129.807,0,67221331968.0,8589930496.0,1754208894.338,0.0,9457.344
run_17_repetition_6,DONE,200,gpt-4_temp_0.0,16,173.292,0,13568488.065,78744692.999,0,67221331968.0,8589930496.0,1830548140.24,0.0,8284.92
run_0_repetition_7,DONE,200,chatgpt_temp_0.0,4,218.504,0,27263849.861,107622581.922,0,67221331968.0,8589930496.0,1749079921.726,0.0,9559.925
run_1_repetition_7,DONE,200,chatgpt_temp_0.0,61,105.845,0,17361910.741,55616538.111,0,67221331968.0,8589930496.0,1841110060.354,0.0,5251.099
run_2_repetition_7,DONE,200,chatgpt_temp_0.0,79,177.488,0,35541488.381,98455585.955,0,67221331968.0,8589930496.0,1847563507.042,0.0,8604.758
run_3_repetition_7,DONE,200,chatgpt_temp_0.0,63,132.864,0,31929134.88,78154231.032,0,67221331968.0,8589930496.0,1849388576.288,0.0,6609.74
run_4_repetition_7,DONE,200,chatgpt_temp_0.0,90,134.271,0,36991406.732,82881102.766,0,67221331968.0,8589930496.0,1846371344.737,0.0,6725.926
run_5_repetition_7,DONE,200,chatgpt_temp_0.0,53,178.69,0,56432008.112,116233104.947,0,67221331968.0,8589930496.0,1848878346.583,0.0,8752.037
run_6_repetition_7,DONE,200,chatgpt_temp_0.0,66,183.294,0,66522981.701,126450078.282,0,67221331968.0,8589930496.0,1859299792.035,0.0,9385.738
run_7_repetition_7,DONE,200,chatgpt_temp_0.0,52,183.491,0,75579225.898,134141981.487,0,67221331968.0,8589930496.0,1866111597.754,0.0,9438.573
run_8_repetition_7,DONE,200,chatgpt_temp_0.0,16,173.489,0,79476742.684,133534258.519,0,67221331968.0,8589930496.0,1939760112.681,0.0,8310.265
run_9_repetition_7,DONE,200,gpt-4_temp_0.0,4,183.889,0,92561965.459,148455337.937,0,67221331968.0,8589930496.0,1873900903.123,0.0,9087.43
run_10_repetition_7,DONE,200,gpt-4_temp_0.0,61,98.651,0,53377471.398,82791398.257,0,67221331968.0,8589930496.0,1859695022.287,0.0,4857.607
run_11_repetition_7,DONE,200,gpt-4_temp_0.0,79,177.285,0,102050210.255,153706459.532,0,67221331968.0,8589930496.0,1853802998.775,0.0,8609.283
run_12_repetition_7,DONE,200,gpt-4_temp_0.0,63,131.267,0,80851359.716,118235479.671,0,67221331968.0,8589930496.0,1851728164.571,0.0,6612.773
run_13_repetition_7,DONE,200,gpt-4_temp_0.0,90,136.268,0,88736508.555,126707638.724,0,67221331968.0,8589930496.0,1860498637.4,0.0,6780.487
run_14_repetition_7,DONE,200,gpt-4_temp_0.0,53,177.486,0,122683173.844,170888993.864,0,67221331968.0,8589930496.0,1862876972.058,0.0,8678.67
run_15_repetition_7,DONE,200,gpt-4_temp_0.0,66,177.485,0,130851497.596,177716178.61,0,67221331968.0,8589930496.0,1859908565.381,0.0,9010.126
run_16_repetition_7,DONE,200,gpt-4_temp_0.0,52,227.908,0,179430778.604,237666305.925,0,67221331968.0,8589930496.0,1859457332.726,0.0,10424.074
run_17_repetition_7,DONE,200,gpt-4_temp_0.0,16,207.503,0,173811147.519,224982307.125,0,67221331968.0,8589930496.0,1962121375.661,0.0,8901.975
run_0_repetition_8,DONE,200,chatgpt_temp_0.0,4,217.306,0,192424471.151,244111704.151,0,67221331968.0,8589930496.0,1869614896.941,0.0,9547.964
run_1_repetition_8,DONE,200,chatgpt_temp_0.0,61,127.265,0,117887944.255,147254667.605,0,67221331968.0,8589930496.0,1858130838.069,0.0,5573.869
run_2_repetition_8,DONE,200,chatgpt_temp_0.0,79,219.108,0,211343145.058,260215548.161,0,67221331968.0,8589930496.0,1859384965.017,0.0,9485.083
run_3_repetition_8,DONE,200,chatgpt_temp_0.0,63,160.479,0,161854324.226,196388063.649,0,67221331968.0,8589930496.0,1864363899.542,0.0,7122.874
run_4_repetition_8,DONE,200,chatgpt_temp_0.0,90,134.264,0,140365849.13,168391848.09,0,67221331968.0,8589930496.0,1871913824.238,0.0,6709.361
run_5_repetition_8,DONE,200,chatgpt_temp_0.0,53,221.709,0,240964640.75,285510783.078,0,67221331968.0,8589930496.0,1860213739.705,0.0,9623.903
run_6_repetition_8,DONE,200,chatgpt_temp_0.0,66,183.091,0,208063380.977,28114167.247,0,67221331968.0,8589930496.0,1865586569.631,0.0,9321.837
run_7_repetition_8,DONE,200,chatgpt_temp_0.0,52,188.29,0,223253316.669,10843265.09,0,67221331968.0,8589930496.0,1869908660.802,0.0,9649.385
run_8_repetition_8,DONE,200,chatgpt_temp_0.0,16,173.287,0,213558049.072,16714612.638,0,67221331968.0,8589930496.0,1959993523.318,0.0,8226.907
run_9_repetition_8,DONE,200,gpt-4_temp_0.0,4,184.091,0,235164323.948,24669126.94,0,67221331968.0,8589930496.0,1859805881.475,0.0,9096.526
run_10_repetition_8,TODO,200,gpt-4_temp_0.0,61, , , , , , , , , , 
run_11_repetition_8,DONE,200,gpt-4_temp_0.0,79,178.489,0,6953595.126,34825181.031,0,67221331968.0,8589930496.0,1861078201.557,0.0,8669.034
run_12_repetition_8,DONE,200,gpt-4_temp_0.0,63,157.68,0,12615343.787,36100199.812,0,67221331968.0,8589930496.0,1859876485.509,0.0,7019.736
run_13_repetition_8,DONE,200,gpt-4_temp_0.0,90,135.868,0,15796149.024,35150380.722,0,67221331968.0,8589930496.0,1862288165.968,0.0,6727.849
run_14_repetition_8,DONE,200,gpt-4_temp_0.0,53,188.295,0,29692263.156,55169767.92,0,67221331968.0,8589930496.0,1854397034.961,0.0,9162.321
run_15_repetition_8,DONE,200,gpt-4_temp_0.0,66,177.485,0,36320808.223,58967461.945,0,67221331968.0,8589930496.0,1856143963.573,0.0,8906.339
run_16_repetition_8,DONE,200,gpt-4_temp_0.0,52,182.088,0,45898757.665,67734206.066,0,67221331968.0,8589930496.0,1872973276.07,0.0,9313.441
run_17_repetition_8,DONE,200,gpt-4_temp_0.0,16,199.298,0,59881924.705,82183051.881,0,67221331968.0,8589930496.0,1951463112.08,0.0,9337.797
run_0_repetition_9,DONE,200,chatgpt_temp_0.0,4,182.292,0,63427800.133,82370367.264,0,67221331968.0,8589930496.0,1869890976.105,0.0,8893.07
run_1_repetition_9,DONE,200,chatgpt_temp_0.0,61,104.851,0,40419970.219,50656844.25,0,67221331968.0,8589930496.0,1883372337.643,0.0,5158.549
run_2_repetition_9,DONE,200,chatgpt_temp_0.0,79,172.883,0,72720177.777,88488764.905,0,67221331968.0,8589930496.0,1878983398.577,0.0,8394.605
run_3_repetition_9,DONE,200,chatgpt_temp_0.0,63,135.669,0,62483418.933,73944022.054,0,67221331968.0,8589930496.0,1866698685.741,0.0,6753.747
run_4_repetition_9,DONE,200,chatgpt_temp_0.0,90,135.268,0,67117616.183,77708354.261,0,67221331968.0,8589930496.0,1872669831.929,0.0,6747.57
run_5_repetition_9,DONE,200,chatgpt_temp_0.0,53,185.494,0,99626144.249,112842574.069,0,67221331968.0,8589930496.0,1874409147.935,0.0,9036.12
run_6_repetition_9,DONE,200,chatgpt_temp_0.0,66,183.088,0,107054770.853,118675071.604,0,67221331968.0,8589930496.0,1872965462.264,0.0,9279.303
run_7_repetition_9,DONE,200,chatgpt_temp_0.0,52,185.291,0,117395825.867,127709081.374,0,67221331968.0,8589930496.0,1878774629.517,0.0,9522.106
run_8_repetition_9,DONE,200,chatgpt_temp_0.0,16,173.487,0,117964387.367,126299955.294,0,67221331968.0,8589930496.0,1961149495.383,0.0,8251.852
run_9_repetition_9,DONE,200,gpt-4_temp_0.0,4,181.887,0,131795023.899,139153061.449,0,67221331968.0,8589930496.0,1874344432.825,0.0,8893.198
run_10_repetition_9,DONE,200,gpt-4_temp_0.0,61,97.648,0,74421779.274,77761147.538,0,67221331968.0,8589930496.0,1871606763.102,0.0,4828.924
run_11_repetition_9,DONE,200,gpt-4_temp_0.0,79,182.691,0,145581076.955,150662254.699,0,67221331968.0,8589930496.0,1865528629.998,0.0,8915.197
run_12_repetition_9,DONE,200,gpt-4_temp_0.0,63,156.074,0,130908712.52,134110140.774,0,67221331968.0,8589930496.0,1867249863.038,0.0,7035.656
run_13_repetition_9,DONE,200,gpt-4_temp_0.0,90,140.471,0,123013935.66,124968987.689,0,67221331968.0,8589930496.0,1871941946.182,0.0,6881.517
run_14_repetition_9,DONE,200,gpt-4_temp_0.0,53,174.485,0,159767023.985,160993259.104,0,67221331968.0,8589930496.0,1861790009.995,0.0,8550.664
run_15_repetition_9,DONE,200,gpt-4_temp_0.0,66,177.491,0,170640817.209,170553577.171,0,67221331968.0,8589930496.0,1874093598.524,0.0,9050.645
run_16_repetition_9,DONE,200,gpt-4_temp_0.0,52,182.091,0,183778057.563,182291274.564,0,67221331968.0,8589930496.0,1878013206.456,0.0,9362.603
run_17_repetition_9,DONE,200,gpt-4_temp_0.0,16,207.704,0,219450403.787,216059515.304,0,67221331968.0,8589930496.0,1955473490.708,0.0,8928.282
run_0_repetition_10,DONE,200,chatgpt_temp_0.0,4,181.486,0,200308732.004,195868490.107,0,67221331968.0,8589930496.0,1882095985.496,0.0,9091.392
run_1_repetition_10,DONE,200,chatgpt_temp_0.0,61,103.85,0,118690174.758,115478427.251,0,67221331968.0,8589930496.0,1877146036.33,0.0,5101.077
run_2_repetition_10,DONE,200,chatgpt_temp_0.0,79,214.306,0,252541481.596,244438053.967,0,67221331968.0,8589930496.0,1872868805.308,0.0,9284.06
run_3_repetition_10,DONE,200,chatgpt_temp_0.0,63,155.679,0,190258657.238,183149586.926,0,67221331968.0,8589930496.0,1880007669.497,0.0,7040.119
run_4_repetition_10,DONE,200,chatgpt_temp_0.0,90,152.874,0,192404524.338,184381735.392,0,67221331968.0,8589930496.0,1881230809.232,0.0,7039.903
run_5_repetition_10,TODO,200,chatgpt_temp_0.0,53, , , , , , , , , , 
run_6_repetition_10,DONE,200,chatgpt_temp_0.0,66,183.287,0,6289578.062,234591135.289,0,67221331968.0,8589930496.0,1877465511.878,0.0,9383.558
run_7_repetition_10,DONE,200,chatgpt_temp_0.0,52,220.908,0,18755394.981,85654426.476,0,67221331968.0,8589930496.0,1885271008.521,0.0,10118.089
run_8_repetition_10,DONE,200,chatgpt_temp_0.0,16,173.686,0,23030377.127,8444792.909,0,67221331968.0,8589930496.0,1964467164.69,0.0,8237.368
run_9_repetition_10,DONE,200,gpt-4_temp_0.0,4,185.29,0,32927347.122,15956422.524,0,67221331968.0,8589930496.0,1872113143.172,0.0,9052.251
run_10_repetition_10,DONE,200,gpt-4_temp_0.0,61,96.441,0,20675543.551,11211861.19,0,67221331968.0,8589930496.0,1869259335.934,0.0,4726.097
run_11_repetition_10,DONE,200,gpt-4_temp_0.0,79,215.508,0,54053143.121,31485680.004,0,67221331968.0,8589930496.0,1870573150.428,0.0,9319.01
run_12_repetition_10,DONE,200,gpt-4_temp_0.0,63,136.066,0,39863346.496,24580884.765,0,67221331968.0,8589930496.0,1879288883.05,0.0,6703.09
run_13_repetition_10,DONE,200,gpt-4_temp_0.0,90,163.886,0,53969211.552,34482265.003,0,67221331968.0,8589930496.0,1885025383.523,0.0,7158.057
run_14_repetition_10,DONE,200,gpt-4_temp_0.0,53,203.498,0,75581520.075,49820331.752,0,67221331968.0,8589930496.0,1877282651.195,0.0,8907.991
run_15_repetition_10,DONE,200,gpt-4_temp_0.0,66,180.286,0,75319943.826,51052587.188,0,67221331968.0,8589930496.0,1873183772.35,0.0,9000.509
run_16_repetition_10,DONE,200,gpt-4_temp_0.0,52,221.308,0,103394251.585,71780588.019,0,67221331968.0,8589930496.0,1872808767.769,0.0,10088.281
run_17_repetition_10,DONE,200,gpt-4_temp_0.0,16,172.685,0,88915678.89,62817738.775,0,67221331968.0,8589930496.0,1956004341.938,0.0,8158.537
run_0_repetition_11,DONE,200,chatgpt_temp_0.0,4,220.91,0,123910226.627,88739966.421,0,67221331968.0,8589930496.0,1862479316.485,0.0,9614.055
run_1_repetition_11,DONE,200,chatgpt_temp_0.0,61,126.264,0,75924527.703,54865176.669,0,67221331968.0,8589930496.0,1856869684.979,0.0,5512.197
run_2_repetition_11,DONE,200,chatgpt_temp_0.0,79,177.286,0,113063329.577,82339529.053,0,67221331968.0,8589930496.0,1858499731.604,0.0,8559.311
run_3_repetition_11,DONE,200,chatgpt_temp_0.0,63,134.067,0,90912999.017,66745299.793,0,67221331968.0,8589930496.0,1859401941.333,0.0,6633.655
run_4_repetition_11,DONE,200,chatgpt_temp_0.0,90,134.064,0,95612340.247,70622868.321,0,67221331968.0,8589930496.0,1862291023.238,0.0,6653.686
run_5_repetition_11,DONE,200,chatgpt_temp_0.0,53,182.092,0,137160286.655,101989782.432,0,67221331968.0,8589930496.0,1857395568.281,0.0,8878.742
run_6_repetition_11,DONE,200,chatgpt_temp_0.0,66,183.489,0,146911792.695,110049409.102,0,67221331968.0,8589930496.0,1857497232.853,0.0,9348.271
run_7_repetition_11,DONE,200,chatgpt_temp_0.0,52,185.894,0,157931380.383,119138985.831,0,67221331968.0,8589930496.0,1870027981.68,0.0,9503.518
run_8_repetition_11,DONE,200,chatgpt_temp_0.0,16,173.288,0,155221621.18,117733036.711,0,67221331968.0,8589930496.0,1958955899.871,0.0,8167.898
run_9_repetition_11,DONE,200,gpt-4_temp_0.0,4,192.096,0,180795522.327,137765597.779,0,67221331968.0,8589930496.0,1876726730.778,0.0,9348.509
run_10_repetition_11,DONE,200,gpt-4_temp_0.0,61,95.647,0,93741880.309,71655068.607,0,67221331968.0,8589930496.0,1871027746.133,0.0,4671.846
run_11_repetition_11,DONE,200,gpt-4_temp_0.0,79,176.486,0,178776981.543,137013652.517,0,67221331968.0,8589930496.0,1873936360.833,0.0,8528.691
run_12_repetition_11,DONE,200,gpt-4_temp_0.0,63,129.466,0,136335449.946,104803536.838,0,67221331968.0,8589930496.0,1871654571.193,0.0,6451.38
run_13_repetition_11,DONE,200,gpt-4_temp_0.0,90,135.265,0,147107974.881,113350969.828,0,67221331968.0,8589930496.0,1878966882.171,0.0,6663.359
run_14_repetition_11,DONE,200,gpt-4_temp_0.0,53,214.105,0,241505296.815,186548659.295,0,67221331968.0,8589930496.0,1876429300.537,0.0,9264.078
run_15_repetition_11,DONE,200,gpt-4_temp_0.0,66,177.489,0,208674282.097,161656444.88,0,67221331968.0,8589930496.0,1877154038.497,0.0,8944.148
run_16_repetition_11,DONE,200,gpt-4_temp_0.0,52,182.49,0,223228106.076,173490479.564,0,67221331968.0,8589930496.0,1880367892.726,0.0,9350.586
run_17_repetition_11,DONE,200,gpt-4_temp_0.0,16,172.686,0,219145669.048,170768547.894,0,67221331968.0,8589930496.0,1964870742.418,0.0,8191.741
run_0_repetition_12,TODO,200,chatgpt_temp_0.0,4, , , , , , , , , , 
run_1_repetition_12,DONE,200,chatgpt_temp_0.0,61,104.853,0,3949784.209,110955593.822,0,67221331968.0,8589930496.0,1878674342.449,0.0,5132.004
run_2_repetition_12,DONE,200,chatgpt_temp_0.0,79,179.085,0,13238767.612,194575748.912,0,67221331968.0,8589930496.0,1879581535.037,0.0,8676.854
run_3_repetition_12,DONE,200,chatgpt_temp_0.0,63,153.874,0,17622509.696,172378215.137,0,67221331968.0,8589930496.0,1880021807.481,0.0,6961.655
run_4_repetition_12,DONE,200,chatgpt_temp_0.0,90,156.878,0,23760639.369,180454832.226,0,67221331968.0,8589930496.0,1882862740.519,0.0,7085.662
run_5_repetition_12,DONE,200,chatgpt_temp_0.0,53,179.288,0,34645378.566,212364537.945,0,67221331968.0,8589930496.0,1876867751.626,0.0,8768.792
run_6_repetition_12,DONE,200,chatgpt_temp_0.0,66,183.287,0,44049783.589,224315076.591,0,67221331968.0,8589930496.0,1882670568.575,0.0,9342.297
run_7_repetition_12,DONE,200,chatgpt_temp_0.0,52,185.69,0,53719001.009,234894032.409,0,67221331968.0,8589930496.0,1884009667.991,0.0,9514.227
run_8_repetition_12,DONE,200,chatgpt_temp_0.0,16,173.486,0,58212505.901,172177972.379,0,67221331968.0,8589930496.0,1956927174.555,0.0,8223.686
run_9_repetition_12,DONE,200,gpt-4_temp_0.0,4,181.292,0,68918670.331,5025040.323,0,67221331968.0,8589930496.0,1879990705.057,0.0,8925.129
run_10_repetition_12,DONE,200,gpt-4_temp_0.0,61,94.849,0,39548526.032,5460747.525,0,67221331968.0,8589930496.0,1878390147.227,0.0,4732.383
run_11_repetition_12,DONE,200,gpt-4_temp_0.0,79,179.688,0,81145900.525,15575331.966,0,67221331968.0,8589930496.0,1877351660.658,0.0,8729.079
run_12_repetition_12,DONE,200,gpt-4_temp_0.0,63,156.48,0,77103380.828,18852455.882,0,67221331968.0,8589930496.0,1871936350.041,0.0,6948.365
run_13_repetition_12,DONE,200,gpt-4_temp_0.0,90,165.083,0,87499611.408,24895788.912,0,67221331968.0,8589930496.0,1889504215.139,0.0,7256.905
run_14_repetition_12,DONE,200,gpt-4_temp_0.0,53,219.706,0,126013693.116,40971207.085,0,67221331968.0,8589930496.0,1886933490.967,0.0,9544.685
run_15_repetition_12,DONE,200,gpt-4_temp_0.0,66,200.5,0,124699895.034,45345004.102,0,67221331968.0,8589930496.0,1885685821.195,0.0,9321.256
run_16_repetition_12,DONE,200,gpt-4_temp_0.0,52,206.101,0,138673236.502,55370707.08,0,67221331968.0,8589930496.0,1885750911.008,0.0,9794.651
run_17_repetition_12,DONE,200,gpt-4_temp_0.0,16,172.685,0,124224218.14,53022819.134,0,67221331968.0,8589930496.0,1972339867.08,0.0,8229.776
run_0_repetition_13,DONE,200,chatgpt_temp_0.0,4,186.291,0,142451010.795,64229614.271,0,67221331968.0,8589930496.0,1893529589.025,0.0,9224.126
run_1_repetition_13,DONE,200,chatgpt_temp_0.0,61,105.256,0,84605380.222,39649003.771,0,67221331968.0,8589930496.0,1881182308.848,0.0,5165.3
run_2_repetition_13,DONE,200,chatgpt_temp_0.0,79,184.691,0,155081333.479,75127074.64,0,67221331968.0,8589930496.0,1883561877.725,0.0,8969.952
run_3_repetition_13,DONE,200,chatgpt_temp_0.0,63,160.88,0,141882781.278,71022708.781,0,67221331968.0,8589930496.0,1870286954.72,0.0,7064.669
run_4_repetition_13,DONE,200,chatgpt_temp_0.0,90,134.671,0,123700429.505,63472916.643,0,67221331968.0,8589930496.0,1872603964.302,0.0,6703.444
run_5_repetition_13,DONE,200,chatgpt_temp_0.0,53,178.089,0,170644027.064,89828542.427,0,67221331968.0,8589930496.0,1874176330.619,0.0,8667.138
run_6_repetition_13,DONE,200,chatgpt_temp_0.0,66,183.091,0,183932481.526,99448872.523,0,67221331968.0,8589930496.0,1877574217.143,0.0,9193.315
run_7_repetition_13,DONE,200,chatgpt_temp_0.0,52,183.691,0,193410512.276,107226047.739,0,67221331968.0,8589930496.0,1885693618.087,0.0,9399.378
run_8_repetition_13,DONE,200,chatgpt_temp_0.0,16,173.28,0,190429130.747,107798703.172,0,67221331968.0,8589930496.0,1970350353.696,0.0,8213.766
run_9_repetition_13,DONE,200,gpt-4_temp_0.0,4,222.312,0,254516230.074,146747837.099,0,67221331968.0,8589930496.0,1906520119.202,0.0,9649.828
run_10_repetition_13,DONE,200,gpt-4_temp_0.0,61,97.847,0,115994030.88,67772344.048,0,67221331968.0,8589930496.0,1881791002.069,0.0,4782.065
run_11_repetition_13,DONE,200,gpt-4_temp_0.0,79,230.716,0,281773826.092,166704952.005,0,67221331968.0,8589930496.0,1874217734.871,0.0,9967.678
run_12_repetition_13,DONE,200,gpt-4_temp_0.0,63,129.466,0,163891308.405,98246174.246,0,67221331968.0,8589930496.0,1870623666.687,0.0,6477.82
run_13_repetition_13,TODO,200,gpt-4_temp_0.0,90, , , , , , , , , , 
run_14_repetition_13,DONE,200,gpt-4_temp_0.0,53,173.883,0,4550881.501,142548692.354,0,67221331968.0,8589930496.0,1865313683.251,0.0,8482.948
run_15_repetition_13,DONE,200,gpt-4_temp_0.0,66,213.3,0,15556917.73,183044481.222,0,67221331968.0,8589930496.0,1868850801.139,0.0,9539.677
run_16_repetition_13,DONE,200,gpt-4_temp_0.0,52,220.302,0,27278553.637,198308175.303,0,67221331968.0,8589930496.0,1876087467.286,0.0,10041.398
run_17_repetition_13,DONE,200,gpt-4_temp_0.0,16,172.882,0,29637288.766,162497963.87,0,67221331968.0,8589930496.0,1951137134.559,0.0,8229.393
run_0_repetition_14,DONE,200,chatgpt_temp_0.0,4,184.494,0,39894722.062,180247591.38,0,67221331968.0,8589930496.0,1908666128.623,0.0,8983.431
run_1_repetition_14,DONE,200,chatgpt_temp_0.0,61,105.253,0,26725617.873,106241899.873,0,67221331968.0,8589930496.0,1868065109.333,0.0,5167.025
run_2_repetition_14,DONE,200,chatgpt_temp_0.0,79,175.288,0,50743970.726,181862341.539,0,67221331968.0,8589930496.0,1871488319.563,0.0,8499.048
run_3_repetition_14,DONE,200,chatgpt_temp_0.0,63,160.478,0,52989078.372,171898451.366,0,67221331968.0,8589930496.0,1877549855.841,0.0,7025.967
run_4_repetition_14,DONE,200,chatgpt_temp_0.0,90,161.477,0,59349630.457,177870835.485,0,67221331968.0,8589930496.0,1882225386.799,0.0,7149.097
run_5_repetition_14,DONE,200,chatgpt_temp_0.0,53,180.285,0,73760623.467,204728624.056,0,67221331968.0,8589930496.0,1872678676.128,0.0,8801.047
run_6_repetition_14,DONE,200,chatgpt_temp_0.0,66,183.294,0,83612829.558,215344257.891,0,67221331968.0,8589930496.0,1880173369.447,0.0,9317.794
run_7_repetition_14,DONE,200,chatgpt_temp_0.0,52,222.103,0,112506069.363,270215278.164,0,67221331968.0,8589930496.0,1879081814.561,0.0,10153.878
run_8_repetition_14,DONE,200,chatgpt_temp_0.0,16,173.288,0,96075226.861,217756281.641,0,67221331968.0,8589930496.0,1970682573.272,0.0,8189.384
run_9_repetition_14,DONE,200,gpt-4_temp_0.0,4,225.911,0,135787213.485,269663253.727,0,67221331968.0,8589930496.0,1880377646.401,0.0,9852.453
run_10_repetition_14,DONE,200,gpt-4_temp_0.0,61,114.255,0,73246521.657,1584185.508,0,67221331968.0,8589930496.0,1876066346.89,0.0,4978.653
run_11_repetition_14,DONE,200,gpt-4_temp_0.0,79,230.314,0,156409182.592,10514755.739,0,67221331968.0,8589930496.0,1903238379.351,0.0,9966.06
run_12_repetition_14,DONE,200,gpt-4_temp_0.0,63,129.265,0,93435288.768,10457614.581,0,67221331968.0,8589930496.0,1894965911.704,0.0,6431.972
run_13_repetition_14,DONE,200,gpt-4_temp_0.0,90,137.876,0,104445143.851,15115823.181,0,67221331968.0,8589930496.0,1892807645.916,0.0,6769.759
run_14_repetition_14,DONE,200,gpt-4_temp_0.0,53,174.481,0,139086963.922,24900151.501,0,67221331968.0,8589930496.0,1889538118.297,0.0,8493.351
run_15_repetition_14,DONE,200,gpt-4_temp_0.0,66,177.085,0,149217812.327,31997835.914,0,67221331968.0,8589930496.0,1895030225.245,0.0,8992.049
run_16_repetition_14,TODO,200,gpt-4_temp_0.0,52, , , , , , , , , , 
run_17_repetition_14,TODO,200,gpt-4_temp_0.0,16, , , , , , , , , , 
run_0_repetition_15,TODO,200,chatgpt_temp_0.0,4, , , , , , , , , , 
run_1_repetition_15,TODO,200,chatgpt_temp_0.0,61, , , , , , , , , , 
run_2_repetition_15,TODO,200,chatgpt_temp_0.0,79, , , , , , , , , , 
run_3_repetition_15,TODO,200,chatgpt_temp_0.0,63, , , , , , , , , , 
run_4_repetition_15,TODO,200,chatgpt_temp_0.0,90, , , , , , , , , , 
run_5_repetition_15,TODO,200,chatgpt_temp_0.0,53, , , , , , , , , , 
run_6_repetition_15,TODO,200,chatgpt_temp_0.0,66, , , , , , , , , , 
run_7_repetition_15,TODO,200,chatgpt_temp_0.0,52, , , , , , , , , , 
run_8_repetition_15,TODO,200,chatgpt_temp_0.0,16, , , , , , , , , , 
run_9_repetition_15,TODO,200,gpt-4_temp_0.0,4, , , , , , , , , , 
run_10_repetition_15,TODO,200,gpt-4_temp_0.0,61, , , , , , , , , , 
run_11_repetition_15,TODO,200,gpt-4_temp_0.0,79, , , , , , , , , , 
run_12_repetition_15,TODO,200,gpt-4_temp_0.0,63, , , , , , , , , , 
run_13_repetition_15,TODO,200,gpt-4_temp_0.0,90, , , , , , , , , , 
run_14_repetition_15,TODO,200,gpt-4_temp_0.0,53, , , , , , , , , , 
run_15_repetition_15,TODO,200,gpt-4_temp_0.0,66, , , , , , , , , , 
run_16_repetition_15,TODO,200,gpt-4_temp_0.0,52, , , , , , , , , , 
run_17_repetition_15,TODO,200,gpt-4_temp_0.0,16, , , , , , , , , , 
run_0_repetition_16,TODO,200,chatgpt_temp_0.0,4, , , , , , , , , , 
run_1_repetition_16,TODO,200,chatgpt_temp_0.0,61, , , , , , , , , , 
run_2_repetition_16,TODO,200,chatgpt_temp_0.0,79, , , , , , , , , , 
run_3_repetition_16,TODO,200,chatgpt_temp_0.0,63, , , , , , , , , , 
run_4_repetition_16,TODO,200,chatgpt_temp_0.0,90, , , , , , , , , , 
run_5_repetition_16,TODO,200,chatgpt_temp_0.0,53, , , , , , , , , , 
run_6_repetition_16,TODO,200,chatgpt_temp_0.0,66, , , , , , , , , , 
run_7_repetition_16,TODO,200,chatgpt_temp_0.0,52, , , , , , , , , , 
run_8_repetition_16,TODO,200,chatgpt_temp_0.0,16, , , , , , , , , , 
run_9_repetition_16,TODO,200,gpt-4_temp_0.0,4, , , , , , , , , , 
run_10_repetition_16,TODO,200,gpt-4_temp_0.0,61, , , , , , , , , , 
run_11_repetition_16,TODO,200,gpt-4_temp_0.0,79, , , , , , , , , , 
run_12_repetition_16,TODO,200,gpt-4_temp_0.0,63, , , , , , , , , , 
run_13_repetition_16,TODO,200,gpt-4_temp_0.0,90, , , , , , , , , , 
run_14_repetition_16,TODO,200,gpt-4_temp_0.0,53, , , , , , , , , , 
run_15_repetition_16,TODO,200,gpt-4_temp_0.0,66, , , , , , , , , , 
run_16_repetition_16,TODO,200,gpt-4_temp_0.0,52, , , , , , , , , , 
run_17_repetition_16,TODO,200,gpt-4_temp_0.0,16, , , , , , , , , , 
run_0_repetition_17,TODO,200,chatgpt_temp_0.0,4, , , , , , , , , , 
run_1_repetition_17,TODO,200,chatgpt_temp_0.0,61, , , , , , , , , , 
run_2_repetition_17,TODO,200,chatgpt_temp_0.0,79, , , , , , , , , , 
run_3_repetition_17,TODO,200,chatgpt_temp_0.0,63, , , , , , , , , , 
run_4_repetition_17,TODO,200,chatgpt_temp_0.0,90, , , , , , , , , , 
run_5_repetition_17,TODO,200,chatgpt_temp_0.0,53, , , , , , , , , , 
run_6_repetition_17,TODO,200,chatgpt_temp_0.0,66, , , , , , , , , , 
run_7_repetition_17,TODO,200,chatgpt_temp_0.0,52, , , , , , , , , , 
run_8_repetition_17,TODO,200,chatgpt_temp_0.0,16, , , , , , , , , , 
run_9_repetition_17,TODO,200,gpt-4_temp_0.0,4, , , , , , , , , , 
run_10_repetition_17,TODO,200,gpt-4_temp_0.0,61, , , , , , , , , , 
run_11_repetition_17,TODO,200,gpt-4_temp_0.0,79, , , , , , , , , , 
run_12_repetition_17,TODO,200,gpt-4_temp_0.0,63, , , , , , , , , , 
run_13_repetition_17,TODO,200,gpt-4_temp_0.0,90, , , , , , , , , , 
run_14_repetition_17,TODO,200,gpt-4_temp_0.0,53, , , , , , , , , , 
run_15_repetition_17,TODO,200,gpt-4_temp_0.0,66, , , , , , , , , , 
run_16_repetition_17,TODO,200,gpt-4_temp_0.0,52, , , , , , , , , , 
run_17_repetition_17,TODO,200,gpt-4_temp_0.0,16, , , , , , , , , , 
run_0_repetition_18,TODO,200,chatgpt_temp_0.0,4, , , , , , , , , , 
run_1_repetition_18,TODO,200,chatgpt_temp_0.0,61, , , , , , , , , , 
run_2_repetition_18,TODO,200,chatgpt_temp_0.0,79, , , , , , , , , , 
run_3_repetition_18,TODO,200,chatgpt_temp_0.0,63, , , , , , , , , , 
run_4_repetition_18,TODO,200,chatgpt_temp_0.0,90, , , , , , , , , , 
run_5_repetition_18,TODO,200,chatgpt_temp_0.0,53, , , , , , , , , , 
run_6_repetition_18,TODO,200,chatgpt_temp_0.0,66, , , , , , , , , , 
run_7_repetition_18,TODO,200,chatgpt_temp_0.0,52, , , , , , , , , , 
run_8_repetition_18,TODO,200,chatgpt_temp_0.0,16, , , , , , , , , , 
run_9_repetition_18,TODO,200,gpt-4_temp_0.0,4, , , , , , , , , , 
run_10_repetition_18,TODO,200,gpt-4_temp_0.0,61, , , , , , , , , , 
run_11_repetition_18,TODO,200,gpt-4_temp_0.0,79, , , , , , , , , , 
run_12_repetition_18,TODO,200,gpt-4_temp_0.0,63, , , , , , , , , , 
run_13_repetition_18,TODO,200,gpt-4_temp_0.0,90, , , , , , , , , , 
run_14_repetition_18,TODO,200,gpt-4_temp_0.0,53, , , , , , , , , , 
run_15_repetition_18,TODO,200,gpt-4_temp_0.0,66, , , , , , , , , , 
run_16_repetition_18,TODO,200,gpt-4_temp_0.0,52, , , , , , , , , , 
run_17_repetition_18,TODO,200,gpt-4_temp_0.0,16, , , , , , , , , , 
run_0_repetition_19,TODO,200,chatgpt_temp_0.0,4, , , , , , , , , , 
run_1_repetition_19,TODO,200,chatgpt_temp_0.0,61, , , , , , , , , , 
run_2_repetition_19,TODO,200,chatgpt_temp_0.0,79, , , , , , , , , , 
run_3_repetition_19,TODO,200,chatgpt_temp_0.0,63, , , , , , , , , , 
run_4_repetition_19,TODO,200,chatgpt_temp_0.0,90, , , , , , , , , , 
run_5_repetition_19,TODO,200,chatgpt_temp_0.0,53, , , , , , , , , , 
run_6_repetition_19,TODO,200,chatgpt_temp_0.0,66, , , , , , , , , , 
run_7_repetition_19,TODO,200,chatgpt_temp_0.0,52, , , , , , , , , , 
run_8_repetition_19,TODO,200,chatgpt_temp_0.0,16, , , , , , , , , , 
run_9_repetition_19,TODO,200,gpt-4_temp_0.0,4, , , , , , , , , , 
run_10_repetition_19,TODO,200,gpt-4_temp_0.0,61, , , , , , , , , , 
run_11_repetition_19,TODO,200,gpt-4_temp_0.0,79, , , , , , , , , , 
run_12_repetition_19,TODO,200,gpt-4_temp_0.0,63, , , , , , , , , , 
run_13_repetition_19,TODO,200,gpt-4_temp_0.0,90, , , , , , , , , , 
run_14_repetition_19,TODO,200,gpt-4_temp_0.0,53, , , , , , , , , , 
run_15_repetition_19,TODO,200,gpt-4_temp_0.0,66, , , , , , , , , , 
run_16_repetition_19,TODO,200,gpt-4_temp_0.0,52, , , , , , , , , , 
run_17_repetition_19,TODO,200,gpt-4_temp_0.0,16, , , , , , , , , , 
run_0_repetition_20,TODO,200,chatgpt_temp_0.0,4, , , , , , , , , , 
run_1_repetition_20,TODO,200,chatgpt_temp_0.0,61, , , , , , , , , , 
run_2_repetition_20,TODO,200,chatgpt_temp_0.0,79, , , , , , , , , , 
run_3_repetition_20,TODO,200,chatgpt_temp_0.0,63, , , , , , , , , , 
run_4_repetition_20,TODO,200,chatgpt_temp_0.0,90, , , , , , , , , , 
run_5_repetition_20,TODO,200,chatgpt_temp_0.0,53, , , , , , , , , , 
run_6_repetition_20,TODO,200,chatgpt_temp_0.0,66, , , , , , , , , , 
run_7_repetition_20,TODO,200,chatgpt_temp_0.0,52, , , , , , , , , , 
run_8_repetition_20,TODO,200,chatgpt_temp_0.0,16, , , , , , , , , , 
run_9_repetition_20,TODO,200,gpt-4_temp_0.0,4, , , , , , , , , , 
run_10_repetition_20,TODO,200,gpt-4_temp_0.0,61, , , , , , , , , , 
run_11_repetition_20,TODO,200,gpt-4_temp_0.0,79, , , , , , , , , , 
run_12_repetition_20,TODO,200,gpt-4_temp_0.0,63, , , , , , , , , , 
run_13_repetition_20,TODO,200,gpt-4_temp_0.0,90, , , , , , , , , , 
run_14_repetition_20,TODO,200,gpt-4_temp_0.0,53, , , , , , , , , , 
run_15_repetition_20,TODO,200,gpt-4_temp_0.0,66, , , , , , , , , , 
run_16_repetition_20,TODO,200,gpt-4_temp_0.0,52, , , , , , , , , , 
run_17_repetition_20,TODO,200,gpt-4_temp_0.0,16, , , , , , , , , , 
