__run_id,__done,sampling,llm,code,Time,TOTAL_DRAM_ENERGY (J),TOTAL_PACKAGE_ENERGY (J),TOTAL_PP0_ENERGY (J),TOTAL_MEMORY,TOTAL_SWAP,AVG_USED_MEMORY,AVG_USED_SWAP,TOTAL_ENERGY (J)
run_0_repetition_0,DONE,200,code-millenials-34b_temp_0.0,4,178.719,199420737.491,115923004.569,0,404335509504.0,0.0,27008506970.387,0.0,5057.695
run_1_repetition_0,DONE,200,code-millenials-34b_temp_0.0,61,135.695,153546956.41,92084030.172,0,404335509504.0,0.0,27008934966.212,0.0,4356.295
run_2_repetition_0,DONE,200,code-millenials-34b_temp_0.0,79,167.716,192422854.894,118748743.332,0,404335509504.0,0.0,27009963656.533,0.0,5406.416
run_3_repetition_0,DONE,200,code-millenials-34b_temp_0.0,63,176.521,205148383.933,130495232.005,0,404335509504.0,0.0,27009640883.548,0.0,4987.694
run_4_repetition_0,DONE,200,code-millenials-34b_temp_0.0,90,194.126,228124235.074,149573862.372,0,404335509504.0,0.0,27012909140.28,0.0,5294.471
run_5_repetition_0,DONE,200,code-millenials-34b_temp_0.0,53,152.107,181307640.877,122123599.74,0,404335509504.0,0.0,27011232921.197,0.0,5063.344
run_6_repetition_0,DONE,200,code-millenials-34b_temp_0.0,66,149.706,180863426.775,124646410.152,0,404335509504.0,0.0,27013897459.029,0.0,4739.17
run_7_repetition_0,DONE,200,code-millenials-34b_temp_0.0,52,172.716,210971150.648,148810230.11,0,404335509504.0,0.0,27017154967.232,0.0,4830.004
run_8_repetition_0,DONE,200,code-millenials-34b_temp_0.0,16,173.523,214419257.787,154829938.994,0,404335509504.0,0.0,27050486497.657,0.0,5283.856
run_9_repetition_0,DONE,200,speechless-codellama-34b_temp_0.0,4,138.899,173833014.354,128124343.133,0,404335509504.0,0.0,27014224654.713,0.0,4278.626
run_10_repetition_0,DONE,200,speechless-codellama-34b_temp_0.0,61,155.107,195912942.146,147197987.455,0,404335509504.0,0.0,27013011474.45,0.0,4000.118
run_11_repetition_0,DONE,200,speechless-codellama-34b_temp_0.0,79,169.716,216359327.853,165843993.296,0,404335509504.0,0.0,27014140834.033,0.0,4829.059
run_12_repetition_0,DONE,200,speechless-codellama-34b_temp_0.0,63,99.468,127850849.027,99682027.902,0,404335509504.0,0.0,27015309554.148,0.0,2610.245
run_13_repetition_0,DONE,200,speechless-codellama-34b_temp_0.0,90,166.71,216071616.108,171136649.773,0,404335509504.0,0.0,27017781630.62,0.0,5545.275
run_14_repetition_0,DONE,200,speechless-codellama-34b_temp_0.0,53,162.514,108289260.914,171999507.854,0,404335509504.0,0.0,27016256278.015,0.0,5149.704
run_15_repetition_0,DONE,200,speechless-codellama-34b_temp_0.0,66,157.71,2467623.134,171731731.609,0,404335509504.0,0.0,27016720254.38,0.0,4873.744
run_16_repetition_0,DONE,200,speechless-codellama-34b_temp_0.0,52,174.917,5959284.657,196201031.012,0,404335509504.0,0.0,27022347408.95,0.0,5828.519
run_17_repetition_0,DONE,200,speechless-codellama-34b_temp_0.0,16,195.532,10733556.046,226356481.56,0,404335509504.0,0.0,27055758226.174,0.0,6318.73
run_18_repetition_0,DONE,200,wizardcoder-33b-1.1_temp_0.0,4,169.119,12453294.735,201721592.79,0,404335509504.0,0.0,27019769640.803,0.0,5560.87
run_19_repetition_0,DONE,200,wizardcoder-33b-1.1_temp_0.0,61,249.364,23985281.52,307206613.932,0,404335509504.0,0.0,27019414206.359,0.0,8229.133
run_20_repetition_0,DONE,200,wizardcoder-33b-1.1_temp_0.0,79,173.121,20802526.098,220502385.832,0,404335509504.0,0.0,27017575493.684,0.0,5770.262
run_21_repetition_0,TODO,200,wizardcoder-33b-1.1_temp_0.0,63, , , , , , , , , 
run_22_repetition_0,DONE,200,wizardcoder-33b-1.1_temp_0.0,90,185.735,29481459.475,6384122.878,0,404335509504.0,0.0,27017968043.217,0.0,6148.874
run_23_repetition_0,DONE,200,wizardcoder-33b-1.1_temp_0.0,53,153.099,27176963.181,10382204.043,0,404335509504.0,0.0,27016454902.321,0.0,5024.292
run_24_repetition_0,DONE,200,wizardcoder-33b-1.1_temp_0.0,66,150.307,29299828.745,14818325.809,0,404335509504.0,0.0,27019070465.36,0.0,4985.742
run_25_repetition_0,DONE,200,wizardcoder-33b-1.1_temp_0.0,52,174.921,37379913.624,22971889.777,0,404335509504.0,0.0,27024268395.543,0.0,5866.344
run_26_repetition_0,DONE,200,wizardcoder-33b-1.1_temp_0.0,16,173.92,40664338.147,28875171.066,0,404335509504.0,0.0,27057120924.951,0.0,5814.4
run_0_repetition_1,DONE,200,code-millenials-34b_temp_0.0,4,179.121,45517749.724,36028788.124,0,404335509504.0,0.0,27021351882.346,0.0,5904.928
run_1_repetition_1,DONE,200,code-millenials-34b_temp_0.0,61,137.495,37346413.548,31992766.447,0,404335509504.0,0.0,27020971788.261,0.0,4552.672
run_2_repetition_1,DONE,200,code-millenials-34b_temp_0.0,79,165.318,47523628.313,43363331.048,0,404335509504.0,0.0,27008225784.58,0.0,5293.158
run_3_repetition_1,DONE,200,code-millenials-34b_temp_0.0,63,178.325,54757164.767,52843075.75,0,404335509504.0,0.0,26996627692.219,0.0,5944.592
run_4_repetition_1,DONE,200,code-millenials-34b_temp_0.0,90,193.336,63110031.036,64098093.128,0,404335509504.0,0.0,26999372647.669,0.0,6169.641
run_5_repetition_1,DONE,200,code-millenials-34b_temp_0.0,53,151.099,52106812.813,55157095.863,0,404335509504.0,0.0,26998121405.717,0.0,4411.685
run_6_repetition_1,DONE,200,code-millenials-34b_temp_0.0,66,149.099,53040208.257,58353793.515,0,404335509504.0,0.0,26998816077.108,0.0,4038.358
run_7_repetition_1,DONE,200,code-millenials-34b_temp_0.0,52,176.315,64627693.142,73869017.678,0,404335509504.0,0.0,27003756428.032,0.0,5358.273
run_8_repetition_1,DONE,200,code-millenials-34b_temp_0.0,16,195.735,75706867.858,89002015.025,0,404335509504.0,0.0,27036436525.976,0.0,6435.771
run_9_repetition_1,DONE,200,speechless-codellama-34b_temp_0.0,4,140.095,56324888.342,68037631.472,0,404335509504.0,0.0,26999910516.695,0.0,3591.052
run_10_repetition_1,DONE,200,speechless-codellama-34b_temp_0.0,61,155.501,63920280.405,79402648.887,0,404335509504.0,0.0,26999336455.23,0.0,4545.847
run_11_repetition_1,DONE,200,speechless-codellama-34b_temp_0.0,79,165.707,70164684.623,89281780.992,0,404335509504.0,0.0,27000222105.6,0.0,4241.443
run_12_repetition_1,DONE,200,speechless-codellama-34b_temp_0.0,63,98.868,42701617.712,55575834.657,0,404335509504.0,0.0,27000831347.613,0.0,2532.0
run_13_repetition_1,DONE,200,speechless-codellama-34b_temp_0.0,90,165.512,72656604.801,96636690.643,0,404335509504.0,0.0,27004759530.384,0.0,4252.419
run_14_repetition_1,DONE,200,speechless-codellama-34b_temp_0.0,53,151.904,68520804.633,92955763.69,0,404335509504.0,0.0,27002138548.647,0.0,4428.945
run_15_repetition_1,DONE,200,speechless-codellama-34b_temp_0.0,66,157.11,72868953.414,100522334.981,0,404335509504.0,0.0,27003246537.352,0.0,4967.965
run_16_repetition_1,DONE,200,speechless-codellama-34b_temp_0.0,52,175.122,84274225.235,117612913.74,0,404335509504.0,0.0,27008661314.846,0.0,5620.521
run_17_repetition_1,DONE,200,speechless-codellama-34b_temp_0.0,16,173.116,86423140.74,122036860.302,0,404335509504.0,0.0,27041779329.329,0.0,4974.207
run_18_repetition_1,DONE,200,wizardcoder-33b-1.1_temp_0.0,4,169.913,86559646.216,124582093.984,0,404335509504.0,0.0,27008291754.566,0.0,4398.878
run_19_repetition_1,DONE,200,wizardcoder-33b-1.1_temp_0.0,61,249.763,131033368.265,191883010.837,0,404335509504.0,0.0,27006483025.101,0.0,7966.466
run_20_repetition_1,DONE,200,wizardcoder-33b-1.1_temp_0.0,79,173.317,94179982.337,139761440.535,0,404335509504.0,0.0,27007628693.825,0.0,4528.165
run_21_repetition_1,DONE,200,wizardcoder-33b-1.1_temp_0.0,63,212.948,119110234.31,178937494.39,0,404335509504.0,0.0,36987842890.447,0.0,6985.5
run_22_repetition_1,DONE,200,wizardcoder-33b-1.1_temp_0.0,90,185.324,108026414.184,162911604.196,0,404335509504.0,0.0,27011296216.276,0.0,6177.245
run_23_repetition_1,DONE,200,wizardcoder-33b-1.1_temp_0.0,53,152.506,91838325.752,139202957.532,0,404335509504.0,0.0,27009961860.691,0.0,5008.795
run_24_repetition_1,DONE,200,wizardcoder-33b-1.1_temp_0.0,66,150.101,92751667.19,141439554.524,0,404335509504.0,0.0,27011314971.234,0.0,4686.418
run_25_repetition_1,DONE,200,wizardcoder-33b-1.1_temp_0.0,52,173.314,109771182.738,168535254.81,0,404335509504.0,0.0,27016779591.963,0.0,5356.148
run_26_repetition_1,DONE,200,wizardcoder-33b-1.1_temp_0.0,16,174.924,114104381.553,175987854.791,0,404335509504.0,0.0,27055055862.648,0.0,5700.217
run_0_repetition_2,DONE,200,code-millenials-34b_temp_0.0,4,178.723,119891863.796,185825630.195,0,404335509504.0,0.0,27015691862.382,0.0,5673.262
run_1_repetition_2,DONE,200,code-millenials-34b_temp_0.0,61,135.692,93021782.708,145146763.762,0,404335509504.0,0.0,27016271902.118,0.0,3505.412
run_2_repetition_2,DONE,200,code-millenials-34b_temp_0.0,79,166.514,115959732.065,182474518.887,0,404335509504.0,0.0,27014512934.676,0.0,5222.784
run_3_repetition_2,DONE,200,code-millenials-34b_temp_0.0,63,178.725,127843280.572,201851061.248,0,404335509504.0,0.0,27016874732.264,0.0,5878.17
run_4_repetition_2,DONE,200,code-millenials-34b_temp_0.0,90,192.13,140523949.055,223306608.284,0,404335509504.0,0.0,27020027784.782,0.0,5055.122
run_5_repetition_2,DONE,200,code-millenials-34b_temp_0.0,53,150.102,111462826.646,178791531.322,0,404335509504.0,0.0,27018678462.638,0.0,3918.932
run_6_repetition_2,DONE,200,code-millenials-34b_temp_0.0,66,149.904,112854821.609,182457131.003,0,404335509504.0,0.0,27017853241.609,0.0,4505.88
run_7_repetition_2,DONE,200,code-millenials-34b_temp_0.0,52,172.917,132401523.549,215369469.233,0,404335509504.0,0.0,27024052157.783,0.0,4498.252
run_8_repetition_2,DONE,200,code-millenials-34b_temp_0.0,16,173.923,135657377.064,221981914.997,0,404335509504.0,0.0,27056624937.442,0.0,5715.127
run_9_repetition_2,TODO,200,speechless-codellama-34b_temp_0.0,4, , , , , , , , , 
run_10_repetition_2,DONE,200,speechless-codellama-34b_temp_0.0,61,154.303,125609073.988,3781546.546,0,404335509504.0,0.0,27021202584.342,0.0,4333.11
run_11_repetition_2,DONE,200,speechless-codellama-34b_temp_0.0,79,169.716,140051595.974,8842142.289,0,404335509504.0,0.0,27020311954.372,0.0,4552.393
run_12_repetition_2,DONE,200,speechless-codellama-34b_temp_0.0,63,99.467,83304008.789,7643556.407,0,404335509504.0,0.0,27021718571.094,0.0,3264.501
run_13_repetition_2,DONE,200,speechless-codellama-34b_temp_0.0,90,166.91,142206167.323,17390367.891,0,404335509504.0,0.0,27023673961.34,0.0,5479.016
run_14_repetition_2,DONE,200,speechless-codellama-34b_temp_0.0,53,152.703,132973287.353,20810090.995,0,404335509504.0,0.0,27023102540.967,0.0,5096.523
run_15_repetition_2,DONE,200,speechless-codellama-34b_temp_0.0,66,155.707,138006479.317,25837160.737,0,404335509504.0,0.0,27023194600.369,0.0,4324.79
run_16_repetition_2,DONE,200,speechless-codellama-34b_temp_0.0,52,173.116,155168297.033,33455211.665,0,404335509504.0,0.0,27030820946.676,0.0,4530.37
run_17_repetition_2,DONE,200,speechless-codellama-34b_temp_0.0,16,173.117,156873418.912,38285715.221,0,404335509504.0,0.0,27062970979.802,0.0,4458.111
run_18_repetition_2,DONE,200,wizardcoder-33b-1.1_temp_0.0,4,170.513,156176833.792,42433401.028,0,404335509504.0,0.0,27029666362.754,0.0,4398.207
run_19_repetition_2,DONE,200,wizardcoder-33b-1.1_temp_0.0,61,250.367,233490973.895,71436584.544,0,404335509504.0,0.0,27027777815.496,0.0,8206.553
run_20_repetition_2,DONE,200,wizardcoder-33b-1.1_temp_0.0,79,168.712,160781061.345,54557930.639,0,404335509504.0,0.0,27029980464.17,0.0,4784.312
run_21_repetition_2,DONE,200,wizardcoder-33b-1.1_temp_0.0,63,209.945,202886193.623,74551853.017,0,404335509504.0,0.0,36878994314.108,0.0,5464.143
run_22_repetition_2,DONE,200,wizardcoder-33b-1.1_temp_0.0,90,184.725,180685440.108,71378363.56,0,404335509504.0,0.0,27031541469.959,0.0,4761.428
run_23_repetition_2,DONE,200,wizardcoder-33b-1.1_temp_0.0,53,149.1,147515770.782,61765113.662,0,404335509504.0,0.0,27029620925.173,0.0,3975.314
run_24_repetition_2,DONE,200,wizardcoder-33b-1.1_temp_0.0,66,150.499,150849752.572,66468328.655,0,404335509504.0,0.0,27031190085.263,0.0,4917.404
run_25_repetition_2,DONE,200,wizardcoder-33b-1.1_temp_0.0,52,174.313,177745287.446,82480463.372,0,404335509504.0,0.0,27036520438.616,0.0,5619.731
run_26_repetition_2,DONE,200,wizardcoder-33b-1.1_temp_0.0,16,173.723,180386920.628,88027261.01,0,404335509504.0,0.0,27068856640.147,0.0,5587.851
run_0_repetition_3,DONE,200,code-millenials-34b_temp_0.0,4,179.716,189686185.676,96977680.155,0,404335509504.0,0.0,27032565268.48,0.0,5492.298
run_1_repetition_3,DONE,200,code-millenials-34b_temp_0.0,61,137.49,147460825.227,78449254.218,0,404335509504.0,0.0,27031779218.02,0.0,4375.714
run_2_repetition_3,DONE,200,code-millenials-34b_temp_0.0,79,166.509,180972739.541,99785138.026,0,404335509504.0,0.0,27035261055.693,0.0,5129.231
run_3_repetition_3,DONE,200,code-millenials-34b_temp_0.0,63,180.924,200095240.78,114547912.634,0,404335509504.0,0.0,27035956963.179,0.0,6016.303
run_4_repetition_3,DONE,200,code-millenials-34b_temp_0.0,90,194.732,219225634.029,130234667.335,0,404335509504.0,0.0,27039264196.661,0.0,6230.108
run_5_repetition_3,DONE,200,code-millenials-34b_temp_0.0,53,150.699,172808623.936,106024255.918,0,404335509504.0,0.0,27037859856.275,0.0,5046.148
run_6_repetition_3,DONE,200,code-millenials-34b_temp_0.0,66,150.105,174270307.091,109856495.748,0,404335509504.0,0.0,27039007079.489,0.0,3978.658
run_7_repetition_3,DONE,200,code-millenials-34b_temp_0.0,52,174.115,204659901.764,132585152.071,0,404335509504.0,0.0,27044110725.872,0.0,5836.365
run_8_repetition_3,DONE,200,code-millenials-34b_temp_0.0,16,178.32,213157800.522,141949980.511,0,404335509504.0,0.0,27077120504.546,0.0,5434.819
run_9_repetition_3,DONE,200,speechless-codellama-34b_temp_0.0,4,141.295,171023789.126,116690799.069,0,404335509504.0,0.0,27039638256.09,0.0,4534.796
run_10_repetition_3,DONE,200,speechless-codellama-34b_temp_0.0,61,153.902,188220107.273,131263295.494,0,404335509504.0,0.0,27039463692.285,0.0,3979.157
run_11_repetition_3,DONE,200,speechless-codellama-34b_temp_0.0,79,168.514,207636835.141,148157389.811,0,404335509504.0,0.0,27040101764.246,0.0,4400.504
run_12_repetition_3,DONE,200,speechless-codellama-34b_temp_0.0,63,99.463,123872814.545,90070951.008,0,404335509504.0,0.0,27040512316.024,0.0,3326.894
run_13_repetition_3,DONE,200,speechless-codellama-34b_temp_0.0,90,166.92,210179792.206,155521738.311,0,404335509504.0,0.0,27043440463.617,0.0,5532.229
run_14_repetition_3,DONE,200,speechless-codellama-34b_temp_0.0,53,155.709,198685797.409,149910679.657,0,404335509504.0,0.0,27042217894.728,0.0,4833.844
run_15_repetition_3,DONE,200,speechless-codellama-34b_temp_0.0,66,156.909,202309302.524,155524858.203,0,404335509504.0,0.0,27042377430.962,0.0,4077.748
run_16_repetition_3,DONE,200,speechless-codellama-34b_temp_0.0,52,172.517,224076739.322,175624735.823,0,404335509504.0,0.0,27047819728.593,0.0,4499.072
run_17_repetition_3,DONE,200,speechless-codellama-34b_temp_0.0,16,195.336,166635331.927,204714948.788,0,404335509504.0,0.0,27080726444.237,0.0,5745.237
run_18_repetition_3,DONE,200,wizardcoder-33b-1.1_temp_0.0,4,173.31,3096724.705,187748234.255,0,404335509504.0,0.0,27046072494.599,0.0,5414.7
run_19_repetition_3,DONE,200,wizardcoder-33b-1.1_temp_0.0,61,249.162,8830521.076,278821763.946,0,404335509504.0,0.0,27044732435.298,0.0,7679.721
run_20_repetition_3,DONE,200,wizardcoder-33b-1.1_temp_0.0,79,176.718,9549341.403,204470318.526,0,404335509504.0,0.0,27044752144.488,0.0,4598.621
run_21_repetition_3,DONE,200,wizardcoder-33b-1.1_temp_0.0,63,226.951,16161505.085,270485663.078,0,404335509504.0,0.0,37439264627.38,0.0,6940.053
run_22_repetition_3,DONE,200,wizardcoder-33b-1.1_temp_0.0,90,184.527,16016272.738,226390808.371,0,404335509504.0,0.0,27049120936.45,0.0,5384.526
run_23_repetition_3,DONE,200,wizardcoder-33b-1.1_temp_0.0,53,155.7,16342950.156,196241776.492,0,404335509504.0,0.0,27047738236.718,0.0,5228.67
run_24_repetition_3,DONE,200,wizardcoder-33b-1.1_temp_0.0,66,150.301,18425246.726,194085545.224,0,404335509504.0,0.0,27048859982.534,0.0,4641.198
run_25_repetition_3,TODO,200,wizardcoder-33b-1.1_temp_0.0,52, , , , , , , , , 
run_26_repetition_3,DONE,200,wizardcoder-33b-1.1_temp_0.0,16,172.72,24946265.051,5830100.494,0,404335509504.0,0.0,27088344574.224,0.0,4488.973
run_0_repetition_4,DONE,200,code-millenials-34b_temp_0.0,4,179.526,28286462.47,11479524.184,0,404335509504.0,0.0,27054057419.604,0.0,5637.197
run_1_repetition_4,DONE,200,code-millenials-34b_temp_0.0,61,137.093,23591076.79,12784130.751,0,404335509504.0,0.0,27055032805.916,0.0,3556.324
run_2_repetition_4,DONE,200,code-millenials-34b_temp_0.0,79,166.114,30695987.423,20065568.76,0,404335509504.0,0.0,27056146505.846,0.0,5391.593
run_3_repetition_4,DONE,200,code-millenials-34b_temp_0.0,63,177.318,35741974.49,27083395.208,0,404335509504.0,0.0,27059088697.658,0.0,5336.04
run_4_repetition_4,DONE,200,code-millenials-34b_temp_0.0,90,193.331,41891448.522,35772434.82,0,404335509504.0,0.0,27061720453.289,0.0,5037.168
run_5_repetition_4,DONE,200,code-millenials-34b_temp_0.0,53,153.5,35543258.884,33169665.468,0,404335509504.0,0.0,27057204891.131,0.0,5125.2
run_6_repetition_4,DONE,200,code-millenials-34b_temp_0.0,66,149.898,37159315.172,36858013.066,0,404335509504.0,0.0,27056696378.631,0.0,4289.178
run_7_repetition_4,DONE,200,code-millenials-34b_temp_0.0,52,173.115,45160428.053,47518079.215,0,404335509504.0,0.0,27062475623.64,0.0,4902.754
run_8_repetition_4,DONE,200,code-millenials-34b_temp_0.0,16,196.534,54576779.509,60500109.815,0,404335509504.0,0.0,27095489502.699,0.0,6334.646
run_9_repetition_4,DONE,200,speechless-codellama-34b_temp_0.0,4,139.896,41375263.932,47645265.94,0,404335509504.0,0.0,27059487935.361,0.0,4441.724
run_10_repetition_4,DONE,200,speechless-codellama-34b_temp_0.0,61,155.511,48378701.058,57447389.67,0,404335509504.0,0.0,27058727082.886,0.0,5154.006
run_11_repetition_4,DONE,200,speechless-codellama-34b_temp_0.0,79,170.316,56220384.676,68455649.833,0,404335509504.0,0.0,27059908665.623,0.0,5614.52
run_12_repetition_4,DONE,200,speechless-codellama-34b_temp_0.0,63,98.669,33934678.175,42282763.155,0,404335509504.0,0.0,27061247900.703,0.0,2530.855
run_13_repetition_4,DONE,200,speechless-codellama-34b_temp_0.0,90,165.916,59150752.917,75237717.523,0,404335509504.0,0.0,27063603278.864,0.0,5497.042
run_14_repetition_4,DONE,200,speechless-codellama-34b_temp_0.0,53,156.308,58004957.454,75496973.992,0,404335509504.0,0.0,27062180559.285,0.0,4041.375
run_15_repetition_4,DONE,200,speechless-codellama-34b_temp_0.0,66,157.712,60469663.544,80547855.69,0,404335509504.0,0.0,27062677260.314,0.0,5034.732
run_16_repetition_4,DONE,200,speechless-codellama-34b_temp_0.0,52,171.914,68381505.115,92911142.812,0,404335509504.0,0.0,27068283515.094,0.0,4578.515
run_17_repetition_4,DONE,200,speechless-codellama-34b_temp_0.0,16,175.922,72813534.643,100672875.073,0,404335509504.0,0.0,27103349863.446,0.0,5859.156
run_18_repetition_4,DONE,200,wizardcoder-33b-1.1_temp_0.0,4,173.109,75221904.672,105106724.193,0,404335509504.0,0.0,27065682555.423,0.0,5815.873
run_19_repetition_4,DONE,200,wizardcoder-33b-1.1_temp_0.0,61,246.968,112132860.167,159201531.583,0,404335509504.0,0.0,27065526218.977,0.0,6827.096
run_20_repetition_4,DONE,200,wizardcoder-33b-1.1_temp_0.0,79,167.313,78369356.56,113614356.433,0,404335509504.0,0.0,27066165028.048,0.0,4611.192
run_21_repetition_4,DONE,200,wizardcoder-33b-1.1_temp_0.0,63,210.343,101229147.657,149401918.046,0,404335509504.0,0.0,37050948733.447,0.0,5765.413
run_22_repetition_4,DONE,200,wizardcoder-33b-1.1_temp_0.0,90,183.526,90444365.547,136141312.132,0,404335509504.0,0.0,27069489281.254,0.0,4784.043
run_23_repetition_4,DONE,200,wizardcoder-33b-1.1_temp_0.0,53,152.505,76698538.001,117372558.827,0,404335509504.0,0.0,27068335254.115,0.0,3954.844
run_24_repetition_4,DONE,200,wizardcoder-33b-1.1_temp_0.0,66,148.702,76228294.923,118254843.797,0,404335509504.0,0.0,27067973577.02,0.0,4338.133
run_25_repetition_4,DONE,200,wizardcoder-33b-1.1_temp_0.0,52,173.323,91762654.746,143204816.252,0,404335509504.0,0.0,27074461738.47,0.0,5399.291
run_26_repetition_4,DONE,200,wizardcoder-33b-1.1_temp_0.0,16,173.922,95134659.11,149400460.262,0,404335509504.0,0.0,27107635091.839,0.0,5798.649
run_0_repetition_5,DONE,200,code-millenials-34b_temp_0.0,4,174.918,98523415.174,155848808.315,0,404335509504.0,0.0,27071580333.005,0.0,4676.015
run_1_repetition_5,DONE,200,code-millenials-34b_temp_0.0,61,136.293,78106794.794,125049439.694,0,404335509504.0,0.0,27071708338.413,0.0,3535.983
run_2_repetition_5,DONE,200,code-millenials-34b_temp_0.0,79,172.11,100839304.852,162661712.757,0,404335509504.0,0.0,27073116834.747,0.0,5624.301
run_3_repetition_5,DONE,200,code-millenials-34b_temp_0.0,63,178.522,107853409.591,174702777.029,0,404335509504.0,0.0,27073829115.991,0.0,5688.329
run_4_repetition_5,DONE,200,code-millenials-34b_temp_0.0,90,193.328,120918390.103,196239733.524,0,404335509504.0,0.0,27076586754.116,0.0,6472.384
run_5_repetition_5,DONE,200,code-millenials-34b_temp_0.0,53,156.301,100665665.69,163955801.558,0,404335509504.0,0.0,27074964693.17,0.0,4421.953
run_6_repetition_5,DONE,200,code-millenials-34b_temp_0.0,66,148.897,97672207.745,160265394.346,0,404335509504.0,0.0,27075713616.987,0.0,4250.53
run_7_repetition_5,DONE,200,code-millenials-34b_temp_0.0,52,173.52,115756286.196,191509966.275,0,404335509504.0,0.0,27081518114.173,0.0,5168.01
run_8_repetition_5,DONE,200,code-millenials-34b_temp_0.0,16,172.92,117855012.883,196164790.863,0,404335509504.0,0.0,27114348269.672,0.0,4850.157
run_9_repetition_5,DONE,200,speechless-codellama-34b_temp_0.0,4,141.099,98403040.874,164385254.135,0,404335509504.0,0.0,27078931880.373,0.0,4707.926
run_10_repetition_5,DONE,200,speechless-codellama-34b_temp_0.0,61,154.903,110050227.481,184710288.116,0,404335509504.0,0.0,27078261506.639,0.0,4232.33
run_11_repetition_5,DONE,200,speechless-codellama-34b_temp_0.0,79,175.723,127466709.549,214842069.919,0,404335509504.0,0.0,27080290373.818,0.0,5753.556
run_12_repetition_5,DONE,200,speechless-codellama-34b_temp_0.0,63,100.073,74348383.624,125428157.634,0,404335509504.0,0.0,27080895108.59,0.0,3355.609
run_13_repetition_5,DONE,200,speechless-codellama-34b_temp_0.0,90,165.909,125491340.773,212115582.23,0,404335509504.0,0.0,27082392665.954,0.0,4938.143
run_14_repetition_5,TODO,200,speechless-codellama-34b_temp_0.0,53, , , , , , , , , 
run_15_repetition_5,DONE,200,speechless-codellama-34b_temp_0.0,66,156.904,121823260.539,2970522.527,0,404335509504.0,0.0,27082385319.41,0.0,4471.532
run_16_repetition_5,DONE,200,speechless-codellama-34b_temp_0.0,52,173.922,137935237.959,8802441.438,0,404335509504.0,0.0,27087129876.28,0.0,5783.16
run_17_repetition_5,DONE,200,speechless-codellama-34b_temp_0.0,16,173.719,140479771.558,14346407.685,0,404335509504.0,0.0,27122972676.708,0.0,5023.983
run_18_repetition_5,DONE,200,wizardcoder-33b-1.1_temp_0.0,4,171.112,140848508.336,19426960.64,0,404335509504.0,0.0,27085397112.681,0.0,5136.141
run_19_repetition_5,DONE,200,wizardcoder-33b-1.1_temp_0.0,61,248.173,209191045.677,37717227.794,0,404335509504.0,0.0,27085729927.214,0.0,8011.391
run_20_repetition_5,DONE,200,wizardcoder-33b-1.1_temp_0.0,79,171.721,148554657.227,32849144.104,0,404335509504.0,0.0,27107451984.967,0.0,5424.72
run_21_repetition_5,DONE,200,wizardcoder-33b-1.1_temp_0.0,63,208.948,185225905.377,47712874.271,0,404335509504.0,0.0,37021872566.577,0.0,6920.332
run_22_repetition_5,DONE,200,wizardcoder-33b-1.1_temp_0.0,90,185.534,168790712.532,49455773.019,0,404335509504.0,0.0,27147985019.453,0.0,6168.744
run_23_repetition_5,DONE,200,wizardcoder-33b-1.1_temp_0.0,53,159.907,148485191.284,47979436.039,0,404335509504.0,0.0,27146630863.74,0.0,5110.469
run_24_repetition_5,DONE,200,wizardcoder-33b-1.1_temp_0.0,66,150.499,142387064.005,49818943.785,0,404335509504.0,0.0,27146869333.56,0.0,4572.047
run_25_repetition_5,DONE,200,wizardcoder-33b-1.1_temp_0.0,52,174.519,167290926.296,62770313.144,0,404335509504.0,0.0,27152283352.751,0.0,5297.107
run_26_repetition_5,DONE,200,wizardcoder-33b-1.1_temp_0.0,16,173.118,168438725.212,67635926.72,0,404335509504.0,0.0,27185255222.035,0.0,4532.267
run_0_repetition_6,DONE,200,code-millenials-34b_temp_0.0,4,179.32,176281695.569,75193567.682,0,404335509504.0,0.0,27149372723.884,0.0,4867.709
run_1_repetition_6,DONE,200,code-millenials-34b_temp_0.0,61,138.493,138217030.546,62194364.602,0,404335509504.0,0.0,27149134992.599,0.0,4576.863
run_2_repetition_6,DONE,200,code-millenials-34b_temp_0.0,79,171.908,174385370.01,82451989.141,0,404335509504.0,0.0,27149343179.075,0.0,5578.883
run_3_repetition_6,DONE,200,code-millenials-34b_temp_0.0,63,177.923,183142762.677,90943299.734,0,404335509504.0,0.0,27149695217.347,0.0,4639.517
run_4_repetition_6,DONE,200,code-millenials-34b_temp_0.0,90,193.532,201486545.36,104802003.005,0,404335509504.0,0.0,27153324617.445,0.0,5678.098
run_5_repetition_6,DONE,200,code-millenials-34b_temp_0.0,53,152.099,160776117.922,87177494.967,0,404335509504.0,0.0,27151375905.596,0.0,4546.149
run_6_repetition_6,DONE,200,code-millenials-34b_temp_0.0,66,149.504,159898040.724,89779548.944,0,404335509504.0,0.0,27152423893.618,0.0,3889.865
run_7_repetition_6,DONE,200,code-millenials-34b_temp_0.0,52,174.316,188531411.619,109589776.293,0,404335509504.0,0.0,27158149553.998,0.0,4939.858
run_8_repetition_6,DONE,200,code-millenials-34b_temp_0.0,16,173.718,190445128.48,114593305.131,0,404335509504.0,0.0,27192334237.131,0.0,5181.935
run_9_repetition_6,DONE,200,speechless-codellama-34b_temp_0.0,4,139.895,155137185.825,96191111.085,0,404335509504.0,0.0,27155391194.385,0.0,4189.99
run_10_repetition_6,DONE,200,speechless-codellama-34b_temp_0.0,61,153.303,171808628.898,109487626.943,0,404335509504.0,0.0,27157179168.0,0.0,3996.321
run_11_repetition_6,DONE,200,speechless-codellama-34b_temp_0.0,79,174.713,198322612.41,130007711.872,0,404335509504.0,0.0,27156725980.014,0.0,5845.905
run_12_repetition_6,DONE,200,speechless-codellama-34b_temp_0.0,63,99.069,114017740.214,76511329.834,0,404335509504.0,0.0,27156182475.461,0.0,2854.95
run_13_repetition_6,DONE,200,speechless-codellama-34b_temp_0.0,90,166.912,193621989.065,132792566.888,0,404335509504.0,0.0,27159472451.368,0.0,4883.573
run_14_repetition_6,DONE,200,speechless-codellama-34b_temp_0.0,53,149.099,175005823.91,122908602.332,0,404335509504.0,0.0,27157883853.28,0.0,4251.386
run_15_repetition_6,DONE,200,speechless-codellama-34b_temp_0.0,66,157.709,187568639.883,134661914.468,0,404335509504.0,0.0,27158707518.866,0.0,5194.148
run_16_repetition_6,DONE,200,speechless-codellama-34b_temp_0.0,52,173.117,208798444.582,153267540.178,0,404335509504.0,0.0,27162857108.226,0.0,5430.179
run_17_repetition_6,DONE,200,speechless-codellama-34b_temp_0.0,16,179.327,219609956.432,164801547.967,0,404335509504.0,0.0,27198117244.864,0.0,5740.118
run_18_repetition_6,DONE,200,wizardcoder-33b-1.1_temp_0.0,4,170.71,212435150.704,162755070.068,0,404335509504.0,0.0,27160099053.137,0.0,5237.493
run_19_repetition_6,DONE,200,wizardcoder-33b-1.1_temp_0.0,61,248.768,312860136.739,245557252.191,0,404335509504.0,0.0,27159930934.284,0.0,6933.806
run_20_repetition_6,DONE,200,wizardcoder-33b-1.1_temp_0.0,79,169.113,215818475.736,173222798.063,0,404335509504.0,0.0,27161000600.935,0.0,5306.186
run_21_repetition_6,DONE,200,wizardcoder-33b-1.1_temp_0.0,63,220.555,285369539.291,233580642.919,0,404335509504.0,0.0,37401854460.29,0.0,6682.344
run_22_repetition_6,DONE,200,wizardcoder-33b-1.1_temp_0.0,90,184.123,133082287.139,201553346.852,0,404335509504.0,0.0,27164887142.178,0.0,4804.145
run_23_repetition_6,DONE,200,wizardcoder-33b-1.1_temp_0.0,53,149.697,2071796.737,168470185.181,0,404335509504.0,0.0,27162929113.771,0.0,5023.365
run_24_repetition_6,DONE,200,wizardcoder-33b-1.1_temp_0.0,66,149.707,4674130.178,173024829.24,0,404335509504.0,0.0,27150235484.16,0.0,4959.853
run_25_repetition_6,DONE,200,wizardcoder-33b-1.1_temp_0.0,52,173.915,8641522.67,206563635.081,0,404335509504.0,0.0,27112978617.754,0.0,5756.421
run_26_repetition_6,DONE,200,wizardcoder-33b-1.1_temp_0.0,16,174.326,12158825.093,213072995.804,0,404335509504.0,0.0,27146887754.483,0.0,5802.316
run_0_repetition_7,DONE,200,code-millenials-34b_temp_0.0,4,175.718,14939831.688,220360000.396,0,404335509504.0,0.0,27110994776.436,0.0,4716.935
run_1_repetition_7,DONE,200,code-millenials-34b_temp_0.0,61,136.69,13027427.586,175165603.954,0,404335509504.0,0.0,27111639264.234,0.0,3562.751
run_2_repetition_7,TODO,200,code-millenials-34b_temp_0.0,79, , , , , , , , , 
run_3_repetition_7,DONE,200,code-millenials-34b_temp_0.0,63,178.317,22721692.012,5324934.225,0,404335509504.0,0.0,27114471667.1,0.0,5713.07
run_4_repetition_7,DONE,200,code-millenials-34b_temp_0.0,90,193.33,28667700.807,12774758.272,0,404335509504.0,0.0,27116755925.686,0.0,6032.356
run_5_repetition_7,DONE,200,code-millenials-34b_temp_0.0,53,159.907,26474040.104,15860480.457,0,404335509504.0,0.0,27114983060.934,0.0,5296.711
run_6_repetition_7,DONE,200,code-millenials-34b_temp_0.0,66,149.702,26896728.716,19154600.98,0,404335509504.0,0.0,27116180433.579,0.0,3904.287
run_7_repetition_7,DONE,200,code-millenials-34b_temp_0.0,52,175.324,33920095.299,27598151.188,0,404335509504.0,0.0,27121582266.606,0.0,5756.429
run_8_repetition_7,DONE,200,code-millenials-34b_temp_0.0,16,172.523,36006908.879,32594512.374,0,404335509504.0,0.0,27153735765.333,0.0,4497.445
run_9_repetition_7,DONE,200,speechless-codellama-34b_temp_0.0,4,137.291,29948010.646,29501539.644,0,404335509504.0,0.0,27117957417.674,0.0,3574.274
run_10_repetition_7,DONE,200,speechless-codellama-34b_temp_0.0,61,154.91,35519798.55,37333573.995,0,404335509504.0,0.0,27117437334.433,0.0,4840.495
run_11_repetition_7,DONE,200,speechless-codellama-34b_temp_0.0,79,168.711,41041934.961,45609044.115,0,404335509504.0,0.0,27117630375.536,0.0,4667.536
run_12_repetition_7,DONE,200,speechless-codellama-34b_temp_0.0,63,98.869,25100104.834,29165551.431,0,404335509504.0,0.0,27118718224.516,0.0,2538.539
run_13_repetition_7,DONE,200,speechless-codellama-34b_temp_0.0,90,167.509,44607115.062,53605517.679,0,404335509504.0,0.0,27121596916.405,0.0,5447.399
run_14_repetition_7,DONE,200,speechless-codellama-34b_temp_0.0,53,153.699,43805014.102,54108063.071,0,404335509504.0,0.0,27120561409.995,0.0,5093.777
run_15_repetition_7,DONE,200,speechless-codellama-34b_temp_0.0,66,157.909,47801790.719,60489127.729,0,404335509504.0,0.0,27121004637.209,0.0,5133.568
run_16_repetition_7,DONE,200,speechless-codellama-34b_temp_0.0,52,172.717,54688338.151,71264984.088,0,404335509504.0,0.0,27127077737.655,0.0,4447.589
run_17_repetition_7,DONE,200,speechless-codellama-34b_temp_0.0,16,173.723,57090330.615,76804232.104,0,404335509504.0,0.0,27159514641.655,0.0,5394.954
run_18_repetition_7,DONE,200,wizardcoder-33b-1.1_temp_0.0,4,171.317,58811703.465,81057221.615,0,404335509504.0,0.0,27123311928.69,0.0,4733.084
run_19_repetition_7,DONE,200,wizardcoder-33b-1.1_temp_0.0,61,251.777,91624847.843,128819572.711,0,404335509504.0,0.0,27123289803.175,0.0,8401.497
run_20_repetition_7,DONE,200,wizardcoder-33b-1.1_temp_0.0,79,171.31,66564870.924,94762500.664,0,404335509504.0,0.0,27124141082.256,0.0,5747.435
run_21_repetition_7,DONE,200,wizardcoder-33b-1.1_temp_0.0,63,212.143,87150522.555,125281451.123,0,404335509504.0,0.0,36984682137.311,0.0,7044.172
run_22_repetition_7,DONE,200,wizardcoder-33b-1.1_temp_0.0,90,185.724,80001918.105,116391955.663,0,404335509504.0,0.0,27129593486.039,0.0,5506.022
run_23_repetition_7,DONE,200,wizardcoder-33b-1.1_temp_0.0,53,154.501,69451753.184,101984047.093,0,404335509504.0,0.0,27127772284.362,0.0,5156.761
run_24_repetition_7,DONE,200,wizardcoder-33b-1.1_temp_0.0,66,151.297,70777887.281,104575010.45,0,404335509504.0,0.0,27128704083.757,0.0,5025.766
run_25_repetition_7,DONE,200,wizardcoder-33b-1.1_temp_0.0,52,174.719,84780908.144,126256075.732,0,404335509504.0,0.0,27133180566.382,0.0,5074.578
run_26_repetition_7,DONE,200,wizardcoder-33b-1.1_temp_0.0,16,194.73,96972472.318,146675020.867,0,404335509504.0,0.0,27166219851.093,0.0,5682.662
run_0_repetition_8,DONE,200,code-millenials-34b_temp_0.0,4,178.718,92332751.661,140861496.762,0,404335509504.0,0.0,27129900305.448,0.0,5807.893
run_1_repetition_8,DONE,200,code-millenials-34b_temp_0.0,61,137.288,73483501.023,112657460.094,0,404335509504.0,0.0,27129898757.953,0.0,4571.234
run_2_repetition_8,DONE,200,code-millenials-34b_temp_0.0,79,167.109,91780865.595,141820529.059,0,404335509504.0,0.0,27130855795.919,0.0,4897.883
run_3_repetition_8,DONE,200,code-millenials-34b_temp_0.0,63,175.92,99200706.422,154620145.862,0,404335509504.0,0.0,27131034197.43,0.0,4638.308
run_4_repetition_8,DONE,200,code-millenials-34b_temp_0.0,90,195.739,113595033.206,178487211.891,0,404335509504.0,0.0,27133298642.024,0.0,6517.66
run_5_repetition_8,DONE,200,code-millenials-34b_temp_0.0,53,158.103,94947805.351,149722884.382,0,404335509504.0,0.0,27130993265.778,0.0,5203.35
run_6_repetition_8,DONE,200,code-millenials-34b_temp_0.0,66,149.099,91776387.52,145523074.885,0,404335509504.0,0.0,27133006295.561,0.0,4296.488
run_7_repetition_8,DONE,200,code-millenials-34b_temp_0.0,52,171.914,107996969.282,172539175.552,0,404335509504.0,0.0,27138125752.641,0.0,4422.419
run_8_repetition_8,DONE,200,code-millenials-34b_temp_0.0,16,173.722,111255874.222,179386204.22,0,404335509504.0,0.0,27171766714.556,0.0,5272.66
run_9_repetition_8,DONE,200,speechless-codellama-34b_temp_0.0,4,140.495,92076908.623,149263231.567,0,404335509504.0,0.0,27134639214.545,0.0,3760.898
run_10_repetition_8,DONE,200,speechless-codellama-34b_temp_0.0,61,155.911,104144870.075,169830162.167,0,404335509504.0,0.0,27134125925.286,0.0,5086.241
run_11_repetition_8,DONE,200,speechless-codellama-34b_temp_0.0,79,173.72,119364850.974,194922262.63,0,404335509504.0,0.0,27134958801.508,0.0,5804.661
run_12_repetition_8,DONE,200,speechless-codellama-34b_temp_0.0,63,99.465,70092287.419,114624418.38,0,404335509504.0,0.0,27136106364.665,0.0,3306.793
run_13_repetition_8,DONE,200,speechless-codellama-34b_temp_0.0,90,168.909,121548940.315,198983171.053,0,404335509504.0,0.0,27138705224.019,0.0,5524.031
run_14_repetition_8,DONE,200,speechless-codellama-34b_temp_0.0,53,156.903,115930824.098,189994214.076,0,404335509504.0,0.0,27136993514.504,0.0,5256.13
run_15_repetition_8,TODO,200,speechless-codellama-34b_temp_0.0,66, , , , , , , , , 
run_16_repetition_8,TODO,200,speechless-codellama-34b_temp_0.0,52, , , , , , , , , 
run_17_repetition_8,TODO,200,speechless-codellama-34b_temp_0.0,16, , , , , , , , , 
run_18_repetition_8,TODO,200,wizardcoder-33b-1.1_temp_0.0,4, , , , , , , , , 
run_19_repetition_8,TODO,200,wizardcoder-33b-1.1_temp_0.0,61, , , , , , , , , 
run_20_repetition_8,TODO,200,wizardcoder-33b-1.1_temp_0.0,79, , , , , , , , , 
run_21_repetition_8,TODO,200,wizardcoder-33b-1.1_temp_0.0,63, , , , , , , , , 
run_22_repetition_8,TODO,200,wizardcoder-33b-1.1_temp_0.0,90, , , , , , , , , 
run_23_repetition_8,TODO,200,wizardcoder-33b-1.1_temp_0.0,53, , , , , , , , , 
run_24_repetition_8,TODO,200,wizardcoder-33b-1.1_temp_0.0,66, , , , , , , , , 
run_25_repetition_8,TODO,200,wizardcoder-33b-1.1_temp_0.0,52, , , , , , , , , 
run_26_repetition_8,TODO,200,wizardcoder-33b-1.1_temp_0.0,16, , , , , , , , , 
run_0_repetition_9,TODO,200,code-millenials-34b_temp_0.0,4, , , , , , , , , 
run_1_repetition_9,TODO,200,code-millenials-34b_temp_0.0,61, , , , , , , , , 
run_2_repetition_9,TODO,200,code-millenials-34b_temp_0.0,79, , , , , , , , , 
run_3_repetition_9,TODO,200,code-millenials-34b_temp_0.0,63, , , , , , , , , 
run_4_repetition_9,TODO,200,code-millenials-34b_temp_0.0,90, , , , , , , , , 
run_5_repetition_9,TODO,200,code-millenials-34b_temp_0.0,53, , , , , , , , , 
run_6_repetition_9,TODO,200,code-millenials-34b_temp_0.0,66, , , , , , , , , 
run_7_repetition_9,TODO,200,code-millenials-34b_temp_0.0,52, , , , , , , , , 
run_8_repetition_9,TODO,200,code-millenials-34b_temp_0.0,16, , , , , , , , , 
run_9_repetition_9,TODO,200,speechless-codellama-34b_temp_0.0,4, , , , , , , , , 
run_10_repetition_9,TODO,200,speechless-codellama-34b_temp_0.0,61, , , , , , , , , 
run_11_repetition_9,TODO,200,speechless-codellama-34b_temp_0.0,79, , , , , , , , , 
run_12_repetition_9,TODO,200,speechless-codellama-34b_temp_0.0,63, , , , , , , , , 
run_13_repetition_9,TODO,200,speechless-codellama-34b_temp_0.0,90, , , , , , , , , 
run_14_repetition_9,TODO,200,speechless-codellama-34b_temp_0.0,53, , , , , , , , , 
run_15_repetition_9,TODO,200,speechless-codellama-34b_temp_0.0,66, , , , , , , , , 
run_16_repetition_9,TODO,200,speechless-codellama-34b_temp_0.0,52, , , , , , , , , 
run_17_repetition_9,TODO,200,speechless-codellama-34b_temp_0.0,16, , , , , , , , , 
run_18_repetition_9,TODO,200,wizardcoder-33b-1.1_temp_0.0,4, , , , , , , , , 
run_19_repetition_9,TODO,200,wizardcoder-33b-1.1_temp_0.0,61, , , , , , , , , 
run_20_repetition_9,TODO,200,wizardcoder-33b-1.1_temp_0.0,79, , , , , , , , , 
run_21_repetition_9,TODO,200,wizardcoder-33b-1.1_temp_0.0,63, , , , , , , , , 
run_22_repetition_9,TODO,200,wizardcoder-33b-1.1_temp_0.0,90, , , , , , , , , 
run_23_repetition_9,TODO,200,wizardcoder-33b-1.1_temp_0.0,53, , , , , , , , , 
run_24_repetition_9,TODO,200,wizardcoder-33b-1.1_temp_0.0,66, , , , , , , , , 
run_25_repetition_9,TODO,200,wizardcoder-33b-1.1_temp_0.0,52, , , , , , , , , 
run_26_repetition_9,TODO,200,wizardcoder-33b-1.1_temp_0.0,16, , , , , , , , , 
run_0_repetition_10,TODO,200,code-millenials-34b_temp_0.0,4, , , , , , , , , 
run_1_repetition_10,TODO,200,code-millenials-34b_temp_0.0,61, , , , , , , , , 
run_2_repetition_10,TODO,200,code-millenials-34b_temp_0.0,79, , , , , , , , , 
run_3_repetition_10,TODO,200,code-millenials-34b_temp_0.0,63, , , , , , , , , 
run_4_repetition_10,TODO,200,code-millenials-34b_temp_0.0,90, , , , , , , , , 
run_5_repetition_10,TODO,200,code-millenials-34b_temp_0.0,53, , , , , , , , , 
run_6_repetition_10,TODO,200,code-millenials-34b_temp_0.0,66, , , , , , , , , 
run_7_repetition_10,TODO,200,code-millenials-34b_temp_0.0,52, , , , , , , , , 
run_8_repetition_10,TODO,200,code-millenials-34b_temp_0.0,16, , , , , , , , , 
run_9_repetition_10,TODO,200,speechless-codellama-34b_temp_0.0,4, , , , , , , , , 
run_10_repetition_10,TODO,200,speechless-codellama-34b_temp_0.0,61, , , , , , , , , 
run_11_repetition_10,TODO,200,speechless-codellama-34b_temp_0.0,79, , , , , , , , , 
run_12_repetition_10,TODO,200,speechless-codellama-34b_temp_0.0,63, , , , , , , , , 
run_13_repetition_10,TODO,200,speechless-codellama-34b_temp_0.0,90, , , , , , , , , 
run_14_repetition_10,TODO,200,speechless-codellama-34b_temp_0.0,53, , , , , , , , , 
run_15_repetition_10,TODO,200,speechless-codellama-34b_temp_0.0,66, , , , , , , , , 
run_16_repetition_10,TODO,200,speechless-codellama-34b_temp_0.0,52, , , , , , , , , 
run_17_repetition_10,TODO,200,speechless-codellama-34b_temp_0.0,16, , , , , , , , , 
run_18_repetition_10,TODO,200,wizardcoder-33b-1.1_temp_0.0,4, , , , , , , , , 
run_19_repetition_10,TODO,200,wizardcoder-33b-1.1_temp_0.0,61, , , , , , , , , 
run_20_repetition_10,TODO,200,wizardcoder-33b-1.1_temp_0.0,79, , , , , , , , , 
run_21_repetition_10,TODO,200,wizardcoder-33b-1.1_temp_0.0,63, , , , , , , , , 
run_22_repetition_10,TODO,200,wizardcoder-33b-1.1_temp_0.0,90, , , , , , , , , 
run_23_repetition_10,TODO,200,wizardcoder-33b-1.1_temp_0.0,53, , , , , , , , , 
run_24_repetition_10,TODO,200,wizardcoder-33b-1.1_temp_0.0,66, , , , , , , , , 
run_25_repetition_10,TODO,200,wizardcoder-33b-1.1_temp_0.0,52, , , , , , , , , 
run_26_repetition_10,TODO,200,wizardcoder-33b-1.1_temp_0.0,16, , , , , , , , , 
run_0_repetition_11,TODO,200,code-millenials-34b_temp_0.0,4, , , , , , , , , 
run_1_repetition_11,TODO,200,code-millenials-34b_temp_0.0,61, , , , , , , , , 
run_2_repetition_11,TODO,200,code-millenials-34b_temp_0.0,79, , , , , , , , , 
run_3_repetition_11,TODO,200,code-millenials-34b_temp_0.0,63, , , , , , , , , 
run_4_repetition_11,TODO,200,code-millenials-34b_temp_0.0,90, , , , , , , , , 
run_5_repetition_11,TODO,200,code-millenials-34b_temp_0.0,53, , , , , , , , , 
run_6_repetition_11,TODO,200,code-millenials-34b_temp_0.0,66, , , , , , , , , 
run_7_repetition_11,TODO,200,code-millenials-34b_temp_0.0,52, , , , , , , , , 
run_8_repetition_11,TODO,200,code-millenials-34b_temp_0.0,16, , , , , , , , , 
run_9_repetition_11,TODO,200,speechless-codellama-34b_temp_0.0,4, , , , , , , , , 
run_10_repetition_11,TODO,200,speechless-codellama-34b_temp_0.0,61, , , , , , , , , 
run_11_repetition_11,TODO,200,speechless-codellama-34b_temp_0.0,79, , , , , , , , , 
run_12_repetition_11,TODO,200,speechless-codellama-34b_temp_0.0,63, , , , , , , , , 
run_13_repetition_11,TODO,200,speechless-codellama-34b_temp_0.0,90, , , , , , , , , 
run_14_repetition_11,TODO,200,speechless-codellama-34b_temp_0.0,53, , , , , , , , , 
run_15_repetition_11,TODO,200,speechless-codellama-34b_temp_0.0,66, , , , , , , , , 
run_16_repetition_11,TODO,200,speechless-codellama-34b_temp_0.0,52, , , , , , , , , 
run_17_repetition_11,TODO,200,speechless-codellama-34b_temp_0.0,16, , , , , , , , , 
run_18_repetition_11,TODO,200,wizardcoder-33b-1.1_temp_0.0,4, , , , , , , , , 
run_19_repetition_11,TODO,200,wizardcoder-33b-1.1_temp_0.0,61, , , , , , , , , 
run_20_repetition_11,TODO,200,wizardcoder-33b-1.1_temp_0.0,79, , , , , , , , , 
run_21_repetition_11,TODO,200,wizardcoder-33b-1.1_temp_0.0,63, , , , , , , , , 
run_22_repetition_11,TODO,200,wizardcoder-33b-1.1_temp_0.0,90, , , , , , , , , 
run_23_repetition_11,TODO,200,wizardcoder-33b-1.1_temp_0.0,53, , , , , , , , , 
run_24_repetition_11,TODO,200,wizardcoder-33b-1.1_temp_0.0,66, , , , , , , , , 
run_25_repetition_11,TODO,200,wizardcoder-33b-1.1_temp_0.0,52, , , , , , , , , 
run_26_repetition_11,TODO,200,wizardcoder-33b-1.1_temp_0.0,16, , , , , , , , , 
run_0_repetition_12,TODO,200,code-millenials-34b_temp_0.0,4, , , , , , , , , 
run_1_repetition_12,TODO,200,code-millenials-34b_temp_0.0,61, , , , , , , , , 
run_2_repetition_12,TODO,200,code-millenials-34b_temp_0.0,79, , , , , , , , , 
run_3_repetition_12,TODO,200,code-millenials-34b_temp_0.0,63, , , , , , , , , 
run_4_repetition_12,TODO,200,code-millenials-34b_temp_0.0,90, , , , , , , , , 
run_5_repetition_12,TODO,200,code-millenials-34b_temp_0.0,53, , , , , , , , , 
run_6_repetition_12,TODO,200,code-millenials-34b_temp_0.0,66, , , , , , , , , 
run_7_repetition_12,TODO,200,code-millenials-34b_temp_0.0,52, , , , , , , , , 
run_8_repetition_12,TODO,200,code-millenials-34b_temp_0.0,16, , , , , , , , , 
run_9_repetition_12,TODO,200,speechless-codellama-34b_temp_0.0,4, , , , , , , , , 
run_10_repetition_12,TODO,200,speechless-codellama-34b_temp_0.0,61, , , , , , , , , 
run_11_repetition_12,TODO,200,speechless-codellama-34b_temp_0.0,79, , , , , , , , , 
run_12_repetition_12,TODO,200,speechless-codellama-34b_temp_0.0,63, , , , , , , , , 
run_13_repetition_12,TODO,200,speechless-codellama-34b_temp_0.0,90, , , , , , , , , 
run_14_repetition_12,TODO,200,speechless-codellama-34b_temp_0.0,53, , , , , , , , , 
run_15_repetition_12,TODO,200,speechless-codellama-34b_temp_0.0,66, , , , , , , , , 
run_16_repetition_12,TODO,200,speechless-codellama-34b_temp_0.0,52, , , , , , , , , 
run_17_repetition_12,TODO,200,speechless-codellama-34b_temp_0.0,16, , , , , , , , , 
run_18_repetition_12,TODO,200,wizardcoder-33b-1.1_temp_0.0,4, , , , , , , , , 
run_19_repetition_12,TODO,200,wizardcoder-33b-1.1_temp_0.0,61, , , , , , , , , 
run_20_repetition_12,TODO,200,wizardcoder-33b-1.1_temp_0.0,79, , , , , , , , , 
run_21_repetition_12,TODO,200,wizardcoder-33b-1.1_temp_0.0,63, , , , , , , , , 
run_22_repetition_12,TODO,200,wizardcoder-33b-1.1_temp_0.0,90, , , , , , , , , 
run_23_repetition_12,TODO,200,wizardcoder-33b-1.1_temp_0.0,53, , , , , , , , , 
run_24_repetition_12,TODO,200,wizardcoder-33b-1.1_temp_0.0,66, , , , , , , , , 
run_25_repetition_12,TODO,200,wizardcoder-33b-1.1_temp_0.0,52, , , , , , , , , 
run_26_repetition_12,TODO,200,wizardcoder-33b-1.1_temp_0.0,16, , , , , , , , , 
run_0_repetition_13,TODO,200,code-millenials-34b_temp_0.0,4, , , , , , , , , 
run_1_repetition_13,TODO,200,code-millenials-34b_temp_0.0,61, , , , , , , , , 
run_2_repetition_13,TODO,200,code-millenials-34b_temp_0.0,79, , , , , , , , , 
run_3_repetition_13,TODO,200,code-millenials-34b_temp_0.0,63, , , , , , , , , 
run_4_repetition_13,TODO,200,code-millenials-34b_temp_0.0,90, , , , , , , , , 
run_5_repetition_13,TODO,200,code-millenials-34b_temp_0.0,53, , , , , , , , , 
run_6_repetition_13,TODO,200,code-millenials-34b_temp_0.0,66, , , , , , , , , 
run_7_repetition_13,TODO,200,code-millenials-34b_temp_0.0,52, , , , , , , , , 
run_8_repetition_13,TODO,200,code-millenials-34b_temp_0.0,16, , , , , , , , , 
run_9_repetition_13,TODO,200,speechless-codellama-34b_temp_0.0,4, , , , , , , , , 
run_10_repetition_13,TODO,200,speechless-codellama-34b_temp_0.0,61, , , , , , , , , 
run_11_repetition_13,TODO,200,speechless-codellama-34b_temp_0.0,79, , , , , , , , , 
run_12_repetition_13,TODO,200,speechless-codellama-34b_temp_0.0,63, , , , , , , , , 
run_13_repetition_13,TODO,200,speechless-codellama-34b_temp_0.0,90, , , , , , , , , 
run_14_repetition_13,TODO,200,speechless-codellama-34b_temp_0.0,53, , , , , , , , , 
run_15_repetition_13,TODO,200,speechless-codellama-34b_temp_0.0,66, , , , , , , , , 
run_16_repetition_13,TODO,200,speechless-codellama-34b_temp_0.0,52, , , , , , , , , 
run_17_repetition_13,TODO,200,speechless-codellama-34b_temp_0.0,16, , , , , , , , , 
run_18_repetition_13,TODO,200,wizardcoder-33b-1.1_temp_0.0,4, , , , , , , , , 
run_19_repetition_13,TODO,200,wizardcoder-33b-1.1_temp_0.0,61, , , , , , , , , 
run_20_repetition_13,TODO,200,wizardcoder-33b-1.1_temp_0.0,79, , , , , , , , , 
run_21_repetition_13,TODO,200,wizardcoder-33b-1.1_temp_0.0,63, , , , , , , , , 
run_22_repetition_13,TODO,200,wizardcoder-33b-1.1_temp_0.0,90, , , , , , , , , 
run_23_repetition_13,TODO,200,wizardcoder-33b-1.1_temp_0.0,53, , , , , , , , , 
run_24_repetition_13,TODO,200,wizardcoder-33b-1.1_temp_0.0,66, , , , , , , , , 
run_25_repetition_13,TODO,200,wizardcoder-33b-1.1_temp_0.0,52, , , , , , , , , 
run_26_repetition_13,TODO,200,wizardcoder-33b-1.1_temp_0.0,16, , , , , , , , , 
run_0_repetition_14,TODO,200,code-millenials-34b_temp_0.0,4, , , , , , , , , 
run_1_repetition_14,TODO,200,code-millenials-34b_temp_0.0,61, , , , , , , , , 
run_2_repetition_14,TODO,200,code-millenials-34b_temp_0.0,79, , , , , , , , , 
run_3_repetition_14,TODO,200,code-millenials-34b_temp_0.0,63, , , , , , , , , 
run_4_repetition_14,TODO,200,code-millenials-34b_temp_0.0,90, , , , , , , , , 
run_5_repetition_14,TODO,200,code-millenials-34b_temp_0.0,53, , , , , , , , , 
run_6_repetition_14,TODO,200,code-millenials-34b_temp_0.0,66, , , , , , , , , 
run_7_repetition_14,TODO,200,code-millenials-34b_temp_0.0,52, , , , , , , , , 
run_8_repetition_14,TODO,200,code-millenials-34b_temp_0.0,16, , , , , , , , , 
run_9_repetition_14,TODO,200,speechless-codellama-34b_temp_0.0,4, , , , , , , , , 
run_10_repetition_14,TODO,200,speechless-codellama-34b_temp_0.0,61, , , , , , , , , 
run_11_repetition_14,TODO,200,speechless-codellama-34b_temp_0.0,79, , , , , , , , , 
run_12_repetition_14,TODO,200,speechless-codellama-34b_temp_0.0,63, , , , , , , , , 
run_13_repetition_14,TODO,200,speechless-codellama-34b_temp_0.0,90, , , , , , , , , 
run_14_repetition_14,TODO,200,speechless-codellama-34b_temp_0.0,53, , , , , , , , , 
run_15_repetition_14,TODO,200,speechless-codellama-34b_temp_0.0,66, , , , , , , , , 
run_16_repetition_14,TODO,200,speechless-codellama-34b_temp_0.0,52, , , , , , , , , 
run_17_repetition_14,TODO,200,speechless-codellama-34b_temp_0.0,16, , , , , , , , , 
run_18_repetition_14,TODO,200,wizardcoder-33b-1.1_temp_0.0,4, , , , , , , , , 
run_19_repetition_14,TODO,200,wizardcoder-33b-1.1_temp_0.0,61, , , , , , , , , 
run_20_repetition_14,TODO,200,wizardcoder-33b-1.1_temp_0.0,79, , , , , , , , , 
run_21_repetition_14,TODO,200,wizardcoder-33b-1.1_temp_0.0,63, , , , , , , , , 
run_22_repetition_14,TODO,200,wizardcoder-33b-1.1_temp_0.0,90, , , , , , , , , 
run_23_repetition_14,TODO,200,wizardcoder-33b-1.1_temp_0.0,53, , , , , , , , , 
run_24_repetition_14,TODO,200,wizardcoder-33b-1.1_temp_0.0,66, , , , , , , , , 
run_25_repetition_14,TODO,200,wizardcoder-33b-1.1_temp_0.0,52, , , , , , , , , 
run_26_repetition_14,TODO,200,wizardcoder-33b-1.1_temp_0.0,16, , , , , , , , , 
run_0_repetition_15,TODO,200,code-millenials-34b_temp_0.0,4, , , , , , , , , 
run_1_repetition_15,TODO,200,code-millenials-34b_temp_0.0,61, , , , , , , , , 
run_2_repetition_15,TODO,200,code-millenials-34b_temp_0.0,79, , , , , , , , , 
run_3_repetition_15,TODO,200,code-millenials-34b_temp_0.0,63, , , , , , , , , 
run_4_repetition_15,TODO,200,code-millenials-34b_temp_0.0,90, , , , , , , , , 
run_5_repetition_15,TODO,200,code-millenials-34b_temp_0.0,53, , , , , , , , , 
run_6_repetition_15,TODO,200,code-millenials-34b_temp_0.0,66, , , , , , , , , 
run_7_repetition_15,TODO,200,code-millenials-34b_temp_0.0,52, , , , , , , , , 
run_8_repetition_15,TODO,200,code-millenials-34b_temp_0.0,16, , , , , , , , , 
run_9_repetition_15,TODO,200,speechless-codellama-34b_temp_0.0,4, , , , , , , , , 
run_10_repetition_15,TODO,200,speechless-codellama-34b_temp_0.0,61, , , , , , , , , 
run_11_repetition_15,TODO,200,speechless-codellama-34b_temp_0.0,79, , , , , , , , , 
run_12_repetition_15,TODO,200,speechless-codellama-34b_temp_0.0,63, , , , , , , , , 
run_13_repetition_15,TODO,200,speechless-codellama-34b_temp_0.0,90, , , , , , , , , 
run_14_repetition_15,TODO,200,speechless-codellama-34b_temp_0.0,53, , , , , , , , , 
run_15_repetition_15,TODO,200,speechless-codellama-34b_temp_0.0,66, , , , , , , , , 
run_16_repetition_15,TODO,200,speechless-codellama-34b_temp_0.0,52, , , , , , , , , 
run_17_repetition_15,TODO,200,speechless-codellama-34b_temp_0.0,16, , , , , , , , , 
run_18_repetition_15,TODO,200,wizardcoder-33b-1.1_temp_0.0,4, , , , , , , , , 
run_19_repetition_15,TODO,200,wizardcoder-33b-1.1_temp_0.0,61, , , , , , , , , 
run_20_repetition_15,TODO,200,wizardcoder-33b-1.1_temp_0.0,79, , , , , , , , , 
run_21_repetition_15,TODO,200,wizardcoder-33b-1.1_temp_0.0,63, , , , , , , , , 
run_22_repetition_15,TODO,200,wizardcoder-33b-1.1_temp_0.0,90, , , , , , , , , 
run_23_repetition_15,TODO,200,wizardcoder-33b-1.1_temp_0.0,53, , , , , , , , , 
run_24_repetition_15,TODO,200,wizardcoder-33b-1.1_temp_0.0,66, , , , , , , , , 
run_25_repetition_15,TODO,200,wizardcoder-33b-1.1_temp_0.0,52, , , , , , , , , 
run_26_repetition_15,TODO,200,wizardcoder-33b-1.1_temp_0.0,16, , , , , , , , , 
run_0_repetition_16,TODO,200,code-millenials-34b_temp_0.0,4, , , , , , , , , 
run_1_repetition_16,TODO,200,code-millenials-34b_temp_0.0,61, , , , , , , , , 
run_2_repetition_16,TODO,200,code-millenials-34b_temp_0.0,79, , , , , , , , , 
run_3_repetition_16,TODO,200,code-millenials-34b_temp_0.0,63, , , , , , , , , 
run_4_repetition_16,TODO,200,code-millenials-34b_temp_0.0,90, , , , , , , , , 
run_5_repetition_16,TODO,200,code-millenials-34b_temp_0.0,53, , , , , , , , , 
run_6_repetition_16,TODO,200,code-millenials-34b_temp_0.0,66, , , , , , , , , 
run_7_repetition_16,TODO,200,code-millenials-34b_temp_0.0,52, , , , , , , , , 
run_8_repetition_16,TODO,200,code-millenials-34b_temp_0.0,16, , , , , , , , , 
run_9_repetition_16,TODO,200,speechless-codellama-34b_temp_0.0,4, , , , , , , , , 
run_10_repetition_16,TODO,200,speechless-codellama-34b_temp_0.0,61, , , , , , , , , 
run_11_repetition_16,TODO,200,speechless-codellama-34b_temp_0.0,79, , , , , , , , , 
run_12_repetition_16,TODO,200,speechless-codellama-34b_temp_0.0,63, , , , , , , , , 
run_13_repetition_16,TODO,200,speechless-codellama-34b_temp_0.0,90, , , , , , , , , 
run_14_repetition_16,TODO,200,speechless-codellama-34b_temp_0.0,53, , , , , , , , , 
run_15_repetition_16,TODO,200,speechless-codellama-34b_temp_0.0,66, , , , , , , , , 
run_16_repetition_16,TODO,200,speechless-codellama-34b_temp_0.0,52, , , , , , , , , 
run_17_repetition_16,TODO,200,speechless-codellama-34b_temp_0.0,16, , , , , , , , , 
run_18_repetition_16,TODO,200,wizardcoder-33b-1.1_temp_0.0,4, , , , , , , , , 
run_19_repetition_16,TODO,200,wizardcoder-33b-1.1_temp_0.0,61, , , , , , , , , 
run_20_repetition_16,TODO,200,wizardcoder-33b-1.1_temp_0.0,79, , , , , , , , , 
run_21_repetition_16,TODO,200,wizardcoder-33b-1.1_temp_0.0,63, , , , , , , , , 
run_22_repetition_16,TODO,200,wizardcoder-33b-1.1_temp_0.0,90, , , , , , , , , 
run_23_repetition_16,TODO,200,wizardcoder-33b-1.1_temp_0.0,53, , , , , , , , , 
run_24_repetition_16,TODO,200,wizardcoder-33b-1.1_temp_0.0,66, , , , , , , , , 
run_25_repetition_16,TODO,200,wizardcoder-33b-1.1_temp_0.0,52, , , , , , , , , 
run_26_repetition_16,TODO,200,wizardcoder-33b-1.1_temp_0.0,16, , , , , , , , , 
run_0_repetition_17,TODO,200,code-millenials-34b_temp_0.0,4, , , , , , , , , 
run_1_repetition_17,TODO,200,code-millenials-34b_temp_0.0,61, , , , , , , , , 
run_2_repetition_17,TODO,200,code-millenials-34b_temp_0.0,79, , , , , , , , , 
run_3_repetition_17,TODO,200,code-millenials-34b_temp_0.0,63, , , , , , , , , 
run_4_repetition_17,TODO,200,code-millenials-34b_temp_0.0,90, , , , , , , , , 
run_5_repetition_17,TODO,200,code-millenials-34b_temp_0.0,53, , , , , , , , , 
run_6_repetition_17,TODO,200,code-millenials-34b_temp_0.0,66, , , , , , , , , 
run_7_repetition_17,TODO,200,code-millenials-34b_temp_0.0,52, , , , , , , , , 
run_8_repetition_17,TODO,200,code-millenials-34b_temp_0.0,16, , , , , , , , , 
run_9_repetition_17,TODO,200,speechless-codellama-34b_temp_0.0,4, , , , , , , , , 
run_10_repetition_17,TODO,200,speechless-codellama-34b_temp_0.0,61, , , , , , , , , 
run_11_repetition_17,TODO,200,speechless-codellama-34b_temp_0.0,79, , , , , , , , , 
run_12_repetition_17,TODO,200,speechless-codellama-34b_temp_0.0,63, , , , , , , , , 
run_13_repetition_17,TODO,200,speechless-codellama-34b_temp_0.0,90, , , , , , , , , 
run_14_repetition_17,TODO,200,speechless-codellama-34b_temp_0.0,53, , , , , , , , , 
run_15_repetition_17,TODO,200,speechless-codellama-34b_temp_0.0,66, , , , , , , , , 
run_16_repetition_17,TODO,200,speechless-codellama-34b_temp_0.0,52, , , , , , , , , 
run_17_repetition_17,TODO,200,speechless-codellama-34b_temp_0.0,16, , , , , , , , , 
run_18_repetition_17,TODO,200,wizardcoder-33b-1.1_temp_0.0,4, , , , , , , , , 
run_19_repetition_17,TODO,200,wizardcoder-33b-1.1_temp_0.0,61, , , , , , , , , 
run_20_repetition_17,TODO,200,wizardcoder-33b-1.1_temp_0.0,79, , , , , , , , , 
run_21_repetition_17,TODO,200,wizardcoder-33b-1.1_temp_0.0,63, , , , , , , , , 
run_22_repetition_17,TODO,200,wizardcoder-33b-1.1_temp_0.0,90, , , , , , , , , 
run_23_repetition_17,TODO,200,wizardcoder-33b-1.1_temp_0.0,53, , , , , , , , , 
run_24_repetition_17,TODO,200,wizardcoder-33b-1.1_temp_0.0,66, , , , , , , , , 
run_25_repetition_17,TODO,200,wizardcoder-33b-1.1_temp_0.0,52, , , , , , , , , 
run_26_repetition_17,TODO,200,wizardcoder-33b-1.1_temp_0.0,16, , , , , , , , , 
run_0_repetition_18,TODO,200,code-millenials-34b_temp_0.0,4, , , , , , , , , 
run_1_repetition_18,TODO,200,code-millenials-34b_temp_0.0,61, , , , , , , , , 
run_2_repetition_18,TODO,200,code-millenials-34b_temp_0.0,79, , , , , , , , , 
run_3_repetition_18,TODO,200,code-millenials-34b_temp_0.0,63, , , , , , , , , 
run_4_repetition_18,TODO,200,code-millenials-34b_temp_0.0,90, , , , , , , , , 
run_5_repetition_18,TODO,200,code-millenials-34b_temp_0.0,53, , , , , , , , , 
run_6_repetition_18,TODO,200,code-millenials-34b_temp_0.0,66, , , , , , , , , 
run_7_repetition_18,TODO,200,code-millenials-34b_temp_0.0,52, , , , , , , , , 
run_8_repetition_18,TODO,200,code-millenials-34b_temp_0.0,16, , , , , , , , , 
run_9_repetition_18,TODO,200,speechless-codellama-34b_temp_0.0,4, , , , , , , , , 
run_10_repetition_18,TODO,200,speechless-codellama-34b_temp_0.0,61, , , , , , , , , 
run_11_repetition_18,TODO,200,speechless-codellama-34b_temp_0.0,79, , , , , , , , , 
run_12_repetition_18,TODO,200,speechless-codellama-34b_temp_0.0,63, , , , , , , , , 
run_13_repetition_18,TODO,200,speechless-codellama-34b_temp_0.0,90, , , , , , , , , 
run_14_repetition_18,TODO,200,speechless-codellama-34b_temp_0.0,53, , , , , , , , , 
run_15_repetition_18,TODO,200,speechless-codellama-34b_temp_0.0,66, , , , , , , , , 
run_16_repetition_18,TODO,200,speechless-codellama-34b_temp_0.0,52, , , , , , , , , 
run_17_repetition_18,TODO,200,speechless-codellama-34b_temp_0.0,16, , , , , , , , , 
run_18_repetition_18,TODO,200,wizardcoder-33b-1.1_temp_0.0,4, , , , , , , , , 
run_19_repetition_18,TODO,200,wizardcoder-33b-1.1_temp_0.0,61, , , , , , , , , 
run_20_repetition_18,TODO,200,wizardcoder-33b-1.1_temp_0.0,79, , , , , , , , , 
run_21_repetition_18,TODO,200,wizardcoder-33b-1.1_temp_0.0,63, , , , , , , , , 
run_22_repetition_18,TODO,200,wizardcoder-33b-1.1_temp_0.0,90, , , , , , , , , 
run_23_repetition_18,TODO,200,wizardcoder-33b-1.1_temp_0.0,53, , , , , , , , , 
run_24_repetition_18,TODO,200,wizardcoder-33b-1.1_temp_0.0,66, , , , , , , , , 
run_25_repetition_18,TODO,200,wizardcoder-33b-1.1_temp_0.0,52, , , , , , , , , 
run_26_repetition_18,TODO,200,wizardcoder-33b-1.1_temp_0.0,16, , , , , , , , , 
run_0_repetition_19,TODO,200,code-millenials-34b_temp_0.0,4, , , , , , , , , 
run_1_repetition_19,TODO,200,code-millenials-34b_temp_0.0,61, , , , , , , , , 
run_2_repetition_19,TODO,200,code-millenials-34b_temp_0.0,79, , , , , , , , , 
run_3_repetition_19,TODO,200,code-millenials-34b_temp_0.0,63, , , , , , , , , 
run_4_repetition_19,TODO,200,code-millenials-34b_temp_0.0,90, , , , , , , , , 
run_5_repetition_19,TODO,200,code-millenials-34b_temp_0.0,53, , , , , , , , , 
run_6_repetition_19,TODO,200,code-millenials-34b_temp_0.0,66, , , , , , , , , 
run_7_repetition_19,TODO,200,code-millenials-34b_temp_0.0,52, , , , , , , , , 
run_8_repetition_19,TODO,200,code-millenials-34b_temp_0.0,16, , , , , , , , , 
run_9_repetition_19,TODO,200,speechless-codellama-34b_temp_0.0,4, , , , , , , , , 
run_10_repetition_19,TODO,200,speechless-codellama-34b_temp_0.0,61, , , , , , , , , 
run_11_repetition_19,TODO,200,speechless-codellama-34b_temp_0.0,79, , , , , , , , , 
run_12_repetition_19,TODO,200,speechless-codellama-34b_temp_0.0,63, , , , , , , , , 
run_13_repetition_19,TODO,200,speechless-codellama-34b_temp_0.0,90, , , , , , , , , 
run_14_repetition_19,TODO,200,speechless-codellama-34b_temp_0.0,53, , , , , , , , , 
run_15_repetition_19,TODO,200,speechless-codellama-34b_temp_0.0,66, , , , , , , , , 
run_16_repetition_19,TODO,200,speechless-codellama-34b_temp_0.0,52, , , , , , , , , 
run_17_repetition_19,TODO,200,speechless-codellama-34b_temp_0.0,16, , , , , , , , , 
run_18_repetition_19,TODO,200,wizardcoder-33b-1.1_temp_0.0,4, , , , , , , , , 
run_19_repetition_19,TODO,200,wizardcoder-33b-1.1_temp_0.0,61, , , , , , , , , 
run_20_repetition_19,TODO,200,wizardcoder-33b-1.1_temp_0.0,79, , , , , , , , , 
run_21_repetition_19,TODO,200,wizardcoder-33b-1.1_temp_0.0,63, , , , , , , , , 
run_22_repetition_19,TODO,200,wizardcoder-33b-1.1_temp_0.0,90, , , , , , , , , 
run_23_repetition_19,TODO,200,wizardcoder-33b-1.1_temp_0.0,53, , , , , , , , , 
run_24_repetition_19,TODO,200,wizardcoder-33b-1.1_temp_0.0,66, , , , , , , , , 
run_25_repetition_19,TODO,200,wizardcoder-33b-1.1_temp_0.0,52, , , , , , , , , 
run_26_repetition_19,TODO,200,wizardcoder-33b-1.1_temp_0.0,16, , , , , , , , , 
run_0_repetition_20,TODO,200,code-millenials-34b_temp_0.0,4, , , , , , , , , 
run_1_repetition_20,TODO,200,code-millenials-34b_temp_0.0,61, , , , , , , , , 
run_2_repetition_20,TODO,200,code-millenials-34b_temp_0.0,79, , , , , , , , , 
run_3_repetition_20,TODO,200,code-millenials-34b_temp_0.0,63, , , , , , , , , 
run_4_repetition_20,TODO,200,code-millenials-34b_temp_0.0,90, , , , , , , , , 
run_5_repetition_20,TODO,200,code-millenials-34b_temp_0.0,53, , , , , , , , , 
run_6_repetition_20,TODO,200,code-millenials-34b_temp_0.0,66, , , , , , , , , 
run_7_repetition_20,TODO,200,code-millenials-34b_temp_0.0,52, , , , , , , , , 
run_8_repetition_20,TODO,200,code-millenials-34b_temp_0.0,16, , , , , , , , , 
run_9_repetition_20,TODO,200,speechless-codellama-34b_temp_0.0,4, , , , , , , , , 
run_10_repetition_20,TODO,200,speechless-codellama-34b_temp_0.0,61, , , , , , , , , 
run_11_repetition_20,TODO,200,speechless-codellama-34b_temp_0.0,79, , , , , , , , , 
run_12_repetition_20,TODO,200,speechless-codellama-34b_temp_0.0,63, , , , , , , , , 
run_13_repetition_20,TODO,200,speechless-codellama-34b_temp_0.0,90, , , , , , , , , 
run_14_repetition_20,TODO,200,speechless-codellama-34b_temp_0.0,53, , , , , , , , , 
run_15_repetition_20,TODO,200,speechless-codellama-34b_temp_0.0,66, , , , , , , , , 
run_16_repetition_20,TODO,200,speechless-codellama-34b_temp_0.0,52, , , , , , , , , 
run_17_repetition_20,TODO,200,speechless-codellama-34b_temp_0.0,16, , , , , , , , , 
run_18_repetition_20,TODO,200,wizardcoder-33b-1.1_temp_0.0,4, , , , , , , , , 
run_19_repetition_20,TODO,200,wizardcoder-33b-1.1_temp_0.0,61, , , , , , , , , 
run_20_repetition_20,TODO,200,wizardcoder-33b-1.1_temp_0.0,79, , , , , , , , , 
run_21_repetition_20,TODO,200,wizardcoder-33b-1.1_temp_0.0,63, , , , , , , , , 
run_22_repetition_20,TODO,200,wizardcoder-33b-1.1_temp_0.0,90, , , , , , , , , 
run_23_repetition_20,TODO,200,wizardcoder-33b-1.1_temp_0.0,53, , , , , , , , , 
run_24_repetition_20,TODO,200,wizardcoder-33b-1.1_temp_0.0,66, , , , , , , , , 
run_25_repetition_20,TODO,200,wizardcoder-33b-1.1_temp_0.0,52, , , , , , , , , 
run_26_repetition_20,TODO,200,wizardcoder-33b-1.1_temp_0.0,16, , , , , , , , , 
